rep,method,beta,se,ci_lo,ci_hi,p,div
0,Oracle,-0.3193903905592335,1.234067699074451,-2.738118635229371,2.0993378541109036,0.7957810106286143,0
0,Naive,0.0888591606219726,0.8471602836029609,-1.5715444843725688,1.749262805616514,0.9164626084014784,0
0,StdRC,0.10216280507368809,0.9739937932578056,-1.8068299508771621,2.0111555610245384,0.9164626084014785,0
0,GRC,0.21454522181306807,0.956865401739847,-1.660876503649482,2.089966947275618,0.8225886740138825,0
0,Bayesian,-0.45714357986963605,0.6872395330079732,-1.8200010425,0.7793078709999995,0.53,0
1,Oracle,-0.1760365463333309,0.9084716345960702,-1.9566082311178605,1.6045351384511988,0.8463542564130957,0
1,Naive,-0.12457068958982837,0.8120613969294737,-1.716181780806882,1.4670404016272252,0.8780823872300055,0
1,StdRC,-0.1546655998781645,1.0082465105359135,-2.1307924480667393,1.8214612483104102,0.8780823872300052,0
1,GRC,-0.21327123438237663,0.9165418319799876,-2.009660215387514,1.5831177466227606,0.8160011897953461,0
1,Bayesian,-0.645440188064656,0.8848751757294875,-2.7085873125,0.8291761654999997,0.458,0
2,Oracle,0.5102327030408589,1.4775331258899245,-2.385679009668279,3.4061444157499965,0.7298482345728359,0
2,Naive,-0.44375242055815234,1.0522038564788767,-2.5060340836509027,1.6185292425345983,0.6732176031831782,0
2,StdRC,-0.5515096776508163,1.30771255056977,-3.1145791788985795,2.011559823596947,0.673217603183178,0
2,GRC,-0.7866343595891103,1.206640986961307,-3.1516072363031373,1.5783385171249167,0.5144522648737857,0
2,Bayesian,-0.50266509617054,0.7904618085108863,-2.1345267825,0.9720042549999998,0.554,0
3,Oracle,-0.013837700010695559,1.306582809842046,-2.574692950120252,2.5470175500988605,0.9915499570962502,0
3,Naive,-0.13062975781918076,1.02820824124501,-2.1458808792666715,1.88462136362831,0.8989039802946012,0
3,StdRC,-0.1608842423943575,1.266346249721433,-2.642877283805732,2.3211087990170167,0.8989039802946014,0
3,GRC,-0.2908830734131865,1.231571012595911,-2.7047179025046972,2.122951755678324,0.8132862998933356,0
3,Bayesian,-0.6806691460665,0.8319105243754068,-2.25754623,0.8751805679999997,0.406,0
4,Oracle,-1.2502739065409716,1.4494539836225167,-4.091151511689214,1.5906036986072705,0.3883669546763152,0
4,Naive,-1.6501498444078448,1.0942053493503185,-3.794752920825537,0.49445323200984737,0.1315339033285362,0
4,StdRC,-1.9848539450786664,1.3161458104815464,-4.564452332025777,0.5947444418684442,0.13153390332853634,0
4,GRC,-1.732267265138659,1.205676950269431,-4.095350664656833,0.6308161343795151,0.15078647084850155,0
4,Bayesian,-1.7717806540750998,0.8003187572413911,-3.39292802,-0.3034143117500003,0.01,0
5,Oracle,-0.7657761367021498,1.2446706364425373,-3.20528575674407,1.6737334833397703,0.5383935963013424,0
5,Naive,-0.3160646933527746,0.9765987252179156,-2.2301630221276176,1.5980336354220686,0.7462119328825689,0
5,StdRC,-0.38553019900458335,1.191238087642541,-2.720313947796332,1.9492535497871655,0.7462119328825689,0
5,GRC,-0.480020260155862,1.1329849668791296,-2.700629990264262,1.740589469952538,0.6718010123749425,0
5,Bayesian,-1.0468036617783,0.7834333159792257,-2.5926086049999997,0.41759095624999915,0.162,0
6,Oracle,2.1456790110805133,1.2125153088446408,-0.23080732495844325,4.52216534711947,0.0767921599680979,0
6,Naive,0.38850197764619,0.9998124940755438,-1.5710945020350422,2.3480984573274224,0.6975906833865051,0
6,StdRC,0.49286826852577365,1.2683998567807075,-1.9931497687601758,2.978886305811723,0.6975906833865055,0
6,GRC,0.4536574458950823,1.2166670751789956,-1.9309662026314354,2.8382810944216,0.7092459390138284,0
6,Bayesian,-0.8440399127344,0.8772674502474275,-2.8272587575,0.6987777779999998,0.316,0
7,Oracle,-1.076050488495189,1.0383724090765118,-3.111223012825244,0.9591220358348662,0.3000688711195985,0
7,Naive,-0.5487735917560427,0.8509502549458402,-2.2166054440850664,1.1190582605729813,0.5189952115120051,0
7,StdRC,-0.6542732530461434,1.0145422444660284,-2.64273951299399,1.3341930069017032,0.5189952115120049,0
7,GRC,-0.6203070361665906,0.981258637297832,-2.543538624789193,1.302924552456012,0.52728594357216,0
7,Bayesian,-0.8104766607596801,0.7028642825824717,-2.2486942775000003,0.5852838584999996,0.236,0
8,Oracle,-0.9885941219538268,1.0666583192085843,-3.0792060114126807,1.102017767505027,0.35402298895293804,0
8,Naive,-0.5743320104016657,0.8890823562710646,-2.3169014079829613,1.16823738717963,0.5182904213746589,0
8,StdRC,-0.6860688959664913,1.0620542465734848,-2.7676569688783434,1.3955191769453608,0.5182904213746589,0
8,GRC,-0.6501758194961997,1.0082743938369885,-2.626357317950651,1.326005678958252,0.5190307749123435,0
8,Bayesian,-0.7663838996883698,0.7057317145493784,-2.1845593,0.5275562117499998,0.264,0
9,Oracle,-1.3903685214912365,0.9751492178149126,-3.30162586796087,0.5208888249783967,0.15392585390301877,0
9,Naive,-0.8480988953457964,0.8028681261941907,-2.421691507021569,0.7254937163299764,0.2908145121568439,0
9,StdRC,-1.001224429179546,0.9478271764845007,-2.858931558657457,0.8564827002983648,0.2908145121568439,0
9,GRC,-0.918719813081278,0.9053995931559581,-2.6932704072841736,0.8558307811216174,0.3102431421848042,0
9,Bayesian,-0.82773915153333,0.6328589915419773,-2.0597079650000003,0.3596532929999999,0.168,0
10,Oracle,-4.355774415166289,1.4968884383254322,-7.2896218431585424,-1.4219269871740363,0.0036156083792347722,0
10,Naive,-4.5238633190675195,1.3309464651448024,-7.132470456102227,-1.9152561820328122,0.0006763712279506085,0
10,StdRC,-5.242586809401207,1.5423990271274506,-8.265633352360627,-2.219540266441786,0.0006763712279506056,0
10,GRC,-4.773723356793953,1.4284660040862887,-7.573465277942924,-1.9739814356449816,0.0008322113103262411,0
10,Bayesian,-2.70963330168,0.8496907940515093,-4.4938744625,-1.045557015,0.0,0
11,Oracle,-0.8819520625808678,1.5165579066395634,-3.8543509400638696,2.0904468149021342,0.5608708021549451,0
11,Naive,0.17595750371731025,1.0822050291188585,-1.9451253772437729,2.2970403846783936,0.870839960098634,0
11,StdRC,0.2062604676351038,1.2685796892284324,-2.280110034771638,2.692630970041846,0.8708399600986335,0
11,GRC,0.10116512332915656,1.2505206246797218,-2.3498102629676283,2.5521405096259415,0.9355227488339655,0
11,Bayesian,-0.6076454551082899,0.8525410612979963,-2.3810427575,0.9418454109999997,0.482,0
12,Oracle,0.8079948731631915,1.0065755384593649,-1.1648569299361755,2.7808466762625588,0.42213856793205506,0
12,Naive,0.7885145035559961,0.9099726179460683,-0.9949990545359243,2.5720280616479165,0.386202033102386,0
12,StdRC,0.9107564881701189,1.0510440354794015,-1.149251967535147,2.970764943875385,0.3862020331023862,0
12,GRC,1.008061195308975,1.0444084821941289,-1.0389418149396599,3.05506420555761,0.3344455444155995,0
12,Bayesian,0.06204928998426999,0.6855809125488683,-1.2374546225,1.37393916,0.922,0
13,Oracle,-3.5255868217014776,1.462784758376752,-6.392592265254036,-0.6585813781489187,0.01594428568640597,0
13,Naive,-2.3429826469681516,1.0704199628725388,-4.44096722253103,-0.24499807140527352,0.028608157786235162,0
13,StdRC,-2.8339074364611854,1.2947048911550172,-5.37148239373287,-0.296332479189501,0.028608157786235214,0
13,GRC,-2.6923450397362627,1.2421892375185197,-5.126991207255832,-0.2576988722166931,0.03020289007961766,0
13,Bayesian,-2.0078914684304996,0.7763365964052692,-3.5872695049999996,-0.5899943572500004,0.004,0
14,Oracle,-0.5750715218830718,1.0797210120826999,-2.6912858189163003,1.5411427751501567,0.5943027359992776,0
14,Naive,-0.45804389220196046,0.9355709207905082,-2.291729201934332,1.3756414175304112,0.6244257751025362,0
14,StdRC,-0.5426459328196669,1.1083735940473414,-2.7150182585676745,1.6297263929283405,0.6244257751025362,0
14,GRC,-0.4778254139870603,1.049818013194933,-2.5354309101705246,1.5797800821964039,0.6490008181659817,0
14,Bayesian,-0.63288192625277,0.734974517977927,-2.0864052125,0.7005073439999999,0.392,0
15,Oracle,-0.05813566933295873,1.0366471124459686,-2.089926674404501,1.9736553357385833,0.9552776928779124,0
15,Naive,-0.24595910581955457,0.7342225105248219,-1.6850087830867861,1.1930905714476772,0.7376306703998385,0
15,StdRC,-0.2863545662319992,0.8548086390969035,-1.9617487125356274,1.3890395800716289,0.7376306703998385,0
15,GRC,-0.20924312990549046,0.7979525275546471,-1.7732013452853037,1.3547150854743228,0.7931479529541203,0
15,Bayesian,-0.7085466047568,0.6582140767983966,-2.0741037075,0.4972561147499999,0.292,0
16,Oracle,-0.8386313280405493,1.4155972153012513,-3.6131508866461943,1.9358882305650957,0.5535678513765612,0
16,Naive,-0.16184047494557907,1.0108075615632561,-2.1429868909103145,1.8193059410191563,0.8727943645079591,0
16,StdRC,-0.19099880970020539,1.192921864320213,-2.5290827001382,2.147085080737789,0.872794364507959,0
16,GRC,-0.3037887722798932,1.1596675921394988,-2.5766954869115954,1.9691179423518088,0.7933507851739126,0
16,Bayesian,-0.6630551532873,0.8090650740914316,-2.200255925,0.9090534794999998,0.41,0
17,Oracle,-2.0304081612498885,1.5465969392274999,-5.061682460735671,1.000866138235894,0.18924257010082773,0
17,Naive,0.6167643650654514,1.1014724704125487,-1.5420820069055043,2.7756107370364074,0.5755167287514441,0
17,StdRC,0.7395382186787081,1.320732900329104,-1.8490506991634645,3.3281271365208807,0.575516728751444,0
17,GRC,0.6924895752772797,1.292824556993094,-1.841399994758135,3.2263791453126944,0.5922068277643655,0
17,Bayesian,-0.6287251709532099,0.8361988950804596,-2.3417577575,0.9126237092499995,0.498,0
18,Oracle,-4.464819489195367,1.820568962283071,-8.033069086641646,-0.8965698917490879,0.01418946488453283,0
18,Naive,-4.345415955193088,1.6113716891466723,-7.503646431628038,-1.1871854787581388,0.0070026425109162745,0
18,StdRC,-5.123547342999365,1.899919184179683,-8.847320517528265,-1.399774168470465,0.007002642510916266,0
18,GRC,-4.619409978409811,1.7745249771586171,-8.097415023307462,-1.1414049335121592,0.009236313552498768,0
18,Bayesian,-2.6695684739999996,0.872335941146618,-4.3436001074999995,-0.9935719995000001,0.0,0
19,Oracle,-3.826302973939384,2.1724515087343703,-8.084229689218452,0.4316237413396844,0.07819043311534091,0
19,Naive,-4.085985600989976,1.7189824746836906,-7.455129341425545,-0.7168418605544074,0.017455072002788043,0
19,StdRC,-5.221237700072734,2.1965853478309474,-9.526465870789778,-0.9160095293556898,0.017455072002788043,0
19,GRC,-4.973866273874213,2.0575722971831523,-9.006633871940537,-0.9410986758078899,0.015634103948112335,0
19,Bayesian,-2.6368956950849,0.9579946612748967,-4.5827354950000005,-0.8018395300000004,0.006,0
20,Oracle,-1.5482355786912236,1.344595210012192,-4.18359376410019,1.0871226067177433,0.24954671844989904,0
20,Naive,-0.9517471959247075,1.1015624611520705,-3.1107699465040684,1.2072755546546532,0.38758927218294537,0
20,StdRC,-1.2285785127711433,1.4219700105675896,-4.015588520579659,1.5584314950373723,0.38758927218294503,0
20,GRC,-0.8849437769733409,1.3002169337605232,-3.4333221392330677,1.6634345852863857,0.49611677420344114,0
20,Bayesian,-1.3505935173513999,0.776234309945414,-2.881802045,0.18760426724999996,0.092,0
21,Oracle,-1.1553288385735607,1.1605898809643536,-3.430043206085322,1.1193855289382006,0.3195092235236558,0
21,Naive,-0.3320399464388272,0.9499192604364521,-2.1938474851151972,1.5297675922375429,0.7266798628172022,0
21,StdRC,-0.3775709496843675,1.0801770122334988,-2.494678990590107,1.7395370912213717,0.7266798628172022,0
21,GRC,-0.40044451470019704,1.0528523202333047,-2.463997143396906,1.663108113996512,0.7036911693749679,0
21,Bayesian,-0.7234924155896,0.7023213651762178,-2.1174216825,0.5257932607499997,0.304,0
22,Oracle,1.5583742421117674,1.3588347838476915,-1.1048929951699773,4.221641479393512,0.2514452721314401,0
22,Naive,0.44912677101801574,0.8598003266820444,-1.2360509031745641,2.1343044452105957,0.6014185087574315,0
22,StdRC,0.5403457821777103,1.0344283841833686,-1.4870965954076545,2.5677881597630754,0.6014185087574312,0
22,GRC,0.47741063377654475,0.9821476687388676,-1.4475634244516113,2.4023846920047007,0.6269044586135293,0
22,Bayesian,-0.1758474034924,0.6635141676796987,-1.40175783,1.08450859,0.772,0
23,Oracle,-3.163494284082649,1.3085513922542185,-5.728207884820662,-0.5987806833446356,0.01562519464815678,0
23,Naive,-1.9314054257757234,1.1233047342020497,-4.133042248475078,0.2702313969236321,0.08554232913454919,0
23,StdRC,-2.3467088904112376,1.3648450870092383,-5.021756105425782,0.32833832460330603,0.08554232913454919,0
23,GRC,-2.236296830131585,1.310617407931732,-4.80505974718902,0.3324660869258498,0.0879536087104381,0
23,Bayesian,-1.8124419808969998,0.7565937302410255,-3.272220655,-0.31727469300000005,0.026,0
24,Oracle,0.34727702772673913,1.0976673561075296,-1.8041114572493209,2.4986655127027992,0.7517161493623677,0
24,Naive,0.7422106837078426,0.8653510421715324,-0.9538461929325623,2.4382675603482475,0.3910587177830862,0
24,StdRC,0.8871400065724746,1.034325624908058,-1.1401009665342041,2.9143809796791533,0.3910587177830863,0
24,GRC,0.9409248577970998,0.985773413380192,-0.9911555293451911,2.8730052449393906,0.3398284871729127,0
24,Bayesian,-0.2604444555353,0.692396064680907,-1.6515680849999999,0.9594126609999994,0.732,0
25,Oracle,-1.1748998629360103,1.1445845516583502,-3.418244361447302,1.068444635575281,0.30466262321543847,0
25,Naive,-0.7754594870663174,0.8507871837306461,-2.442971725686646,0.8920527515540109,0.36205243283250177,0
25,StdRC,-0.9007441261401504,0.9882419018946927,-2.8376626618671135,1.0361744095868128,0.36205243283250177,0
25,GRC,-0.8729293055591518,0.946932449884947,-2.7288828031259276,0.9830241920076239,0.3566070284056526,0
25,Bayesian,-0.64880327179392,0.7316387338006731,-2.0994728599999997,0.7037874067499998,0.382,0
26,Oracle,-1.1563683454976073,1.3533763996001418,-3.8089373462403735,1.4962006552451592,0.39286557284595225,0
26,Naive,-1.3797457630388161,1.1225491416644027,-3.579901651577396,0.820410125499764,0.2190274313433065,0
26,StdRC,-1.911893169998178,1.5554996394470606,-4.9606164412794564,1.1368301012831001,0.21902743134330627,0
26,GRC,-1.951615311791446,1.4752073992174477,-4.842968683984645,0.9397380604017529,0.18585433194030587,0
26,Bayesian,-1.4949748923432,0.8012675912767551,-3.1791815949999997,0.1522026182499988,0.076,0
27,Oracle,0.009614683872271207,1.2175025854910844,-2.376646534774652,2.3958759025191947,0.9936991278910436,0
27,Naive,0.6107544429795813,0.9504638091871173,-1.2521203916359187,2.473629277595081,0.5204929706822781,0
27,StdRC,0.707513517998168,1.1010415087400325,-1.450488184615939,2.865515220612275,0.520492970682278,0
27,GRC,0.7310672238395409,1.0548314535040149,-1.3363644347883645,2.7984988824674466,0.48826848586214444,0
27,Bayesian,-0.122659462739,0.7659541743654643,-1.6231729249999998,1.3743947324999999,0.878,0
28,Oracle,-2.2609295661481745,1.4232295929969396,-5.050408310153776,0.5285491778574265,0.11215278621272796,0
28,Naive,-0.23604700509369042,1.1263520072008733,-2.4436563731218017,1.9715623629344208,0.8340050876186121,0
28,StdRC,-0.3033493337890181,1.4475003860383295,-3.140397958031969,2.533699290453933,0.8340050876186123,0
28,GRC,-0.26469698427962746,1.364787844910196,-2.9396320068416486,2.410238038282394,0.8462171085000627,0
28,Bayesian,-1.01227296101408,0.8392866617059701,-2.7445562625,0.6113508379999997,0.23,0
29,Oracle,-1.3595531764547368,1.4436580593742336,-4.189070978819221,1.4699646259097479,0.34632483560473215,0
29,Naive,-0.31766831083619484,1.0446946458495971,-2.3652321915432317,1.729895569870842,0.7610687207371879,0
29,StdRC,-0.3933686729374214,1.2936453918898785,-2.9288670498077876,2.1421297039329446,0.7610687207371877,0
29,GRC,-0.3313502365247716,1.2298404216238679,-2.7417931696391076,2.079092696589565,0.7876023490890662,0
29,Bayesian,-0.5179439553674299,0.8287294185139157,-2.193798465,1.0396865699999998,0.522,0
30,Oracle,-1.6540028168947611,1.3700696909018357,-4.339290067372283,1.031284433582761,0.2273397628038345,0
30,Naive,-0.9807010661159483,1.056592778939248,-3.0515848591619656,1.0901827269300688,0.3533177508329237,0
30,StdRC,-1.1218259559615056,1.2086386415281063,-3.4907141636800105,1.2470622517569996,0.3533177508329237,0
30,GRC,-1.0484516101286618,1.1551869112630357,-3.312576351616279,1.2156731313589555,0.3640877781929496,0
30,Bayesian,-1.4628396921035998,0.765584475261736,-2.9917542299999997,0.03853434989999998,0.06,0
31,Oracle,1.9441568375799003,1.627344758254371,-1.2453802790287074,5.133693954188508,0.2322119349132093,0
31,Naive,-0.03100917939048707,0.8685494664881133,-1.7333348524986676,1.6713164937176936,0.9715197680102123,0
31,StdRC,-0.03777776867797658,1.0581338002267238,-2.1116819079468554,2.0361263705909023,0.9715197680102127,0
31,GRC,-0.16191329509774832,0.9831982691996131,-2.0889464923911065,1.76511990219561,0.8691956963032336,0
31,Bayesian,-0.8833935469704,0.9268098141267083,-3.07877927,0.5660906112499994,0.186,290
32,Oracle,-0.2607683575287509,1.6070585870879635,-3.410545309266985,2.8890085942094834,0.8710976673322923,0
32,Naive,-0.3357104444327064,1.089150525680328,-2.4704062485090166,1.7989853596436038,0.75790622398631,0
32,StdRC,-0.4009300908032914,1.3007436211803607,-2.9503407414370098,2.148480559830427,0.7579062239863102,0
32,GRC,-0.2407588879679937,1.2302013887728769,-2.65190930369399,2.170391527758002,0.8448395911972216,0
32,Bayesian,-0.67450597334693,0.8545074807417659,-2.436081775,0.97470999075,0.434,0
33,Oracle,-2.295831056008256,1.649823439294149,-5.529425577874792,0.9377634658582803,0.16405517346682,0
33,Naive,0.09594187601729974,1.3079849150801826,-2.467661449861539,2.6595452018961385,0.9415268851791507,0
33,StdRC,0.11810098560879176,1.610082208571228,-3.037602155339523,3.2738041265571063,0.9415268851791505,0
33,GRC,0.2646956682931692,1.5199785632057246,-2.714407572862989,3.243798909449328,0.8617520248884513,0
33,Bayesian,-1.0802342918146,1.0511430204569914,-3.2165391075,0.8305130782499995,0.284,0
34,Oracle,-2.4969390726406626,1.6952108545140059,-5.819491293689484,0.8256131484081584,0.14076797919029327,0
34,Naive,-1.2593535083945198,1.2789471476628915,-3.7660438559440177,1.2473368391549782,0.32478134465830655,0
34,StdRC,-1.493693030962145,1.5169326394051028,-4.466826371169431,1.4794403092451411,0.32478134465830677,0
34,GRC,-1.2945467402572668,1.4395939153836097,-4.116098966772144,1.5270054862576103,0.368522505215941,0
34,Bayesian,-1.75276317980242,0.8396732280013884,-3.5247356450000003,-0.17304512175000059,0.034,0
35,Oracle,-1.616272351596705,1.4774439230505994,-4.512009229953447,1.2794645267600369,0.27397020705361586,0
35,Naive,-1.2957868012438876,0.9988562433380032,-3.25350906391935,0.6619354614315749,0.19453810915705883,0
35,StdRC,-1.5108384098515932,1.164628607812996,-3.7934685365300886,0.7717917168269022,0.1945381091570586,0
35,GRC,-1.3586920542888308,1.127934670895379,-3.5694033861578123,0.8520192775801507,0.22836393760138876,0
35,Bayesian,-1.265500526649,0.7216447210681007,-2.712131865,0.08993291082499992,0.064,0
36,Oracle,-2.2763691051169808,1.073632431591382,-4.380650003670253,-0.17208820656370838,0.033984972378650065,0
36,Naive,-2.39432106992767,1.0192053319198198,-4.391926813341708,-0.39671532651363184,0.018813604604080655,0
36,StdRC,-2.8166012629703934,1.1989599311333148,-5.166519546898314,-0.4666829790424729,0.01881360460408066,0
36,GRC,-2.689749639250366,1.158508200375641,-4.960383987780935,-0.41911529071979725,0.020247181094653798,0
36,Bayesian,-2.091680372187,0.7355033225466766,-3.5170446025000004,-0.7713001042500004,0.0,0
37,Oracle,0.06099471671923359,1.1322665190167391,-2.1582068814541113,2.280196314892579,0.9570390766986264,0
37,Naive,-0.34280406346136844,1.0638052147212798,-2.4278239708809757,1.742215843958239,0.7472684119706263,0
37,StdRC,-0.43752096435285864,1.3577350242842305,-3.098632712498566,2.223590783792849,0.7472684119706263,0
37,GRC,-0.35850527460033677,1.3267717324437216,-2.958930085895844,2.2419195366951703,0.7869996943792127,0
37,Bayesian,-0.5756356262248,0.9556274620176124,-2.5072836525,1.2803838924999997,0.52,0
38,Oracle,-0.5115795516785128,1.1956237803367766,-2.854959100198224,1.8317999968411982,0.6687408951084641,0
38,Naive,-1.0249348424061215,1.0329341796654727,-3.049448632950874,0.9995789481386306,0.32107280043903946,0
38,StdRC,-1.21630294705769,1.2257958602464112,-3.6188186855389493,1.1862127914235694,0.3210728004390393,0
38,GRC,-1.101464294121852,1.1736645394977443,-3.4018045214692183,1.1988759332255146,0.34799621604465514,0
38,Bayesian,-1.397936360556,0.8469997489923405,-3.183432015,0.18935225324999957,0.096,0
39,Oracle,-0.9044401292030356,1.2080000059959402,-3.2720766342792476,1.4631963758731765,0.45403279124870355,0
39,Naive,-1.0319381739667413,0.9637132692207363,-2.9207814730627373,0.856905125129255,0.28426216448454394,0
39,StdRC,-1.2686747772717129,1.1847984191558902,-3.5908370077572487,1.0534874532138228,0.28426216448454344,0
39,GRC,-1.2571315602714177,1.1451012778988636,-3.5014888236039825,0.9872257030611469,0.2722768126269744,0
39,Bayesian,-1.0005971258317,0.7544326152704995,-2.48764707,0.3771716424999994,0.172,0
40,Oracle,-1.625247860434868,1.248514378680771,-4.072291076829582,0.8217953559598461,0.19300343110465037,0
40,Naive,-1.3752970078182973,0.9130561287991136,-3.164854136128125,0.41426012049153016,0.13200126194544076,0
40,StdRC,-1.5636723521497262,1.0381180330123005,-3.598346308555398,0.4710016042559455,0.13200126194544076,0
40,GRC,-1.4545247766739047,1.0299155356580156,-3.473122133681893,0.5640725803340836,0.1578687720536785,0
40,Bayesian,-1.5223680447646002,0.7307150883457635,-2.972039685,-0.11150992875000004,0.026,0
41,Oracle,-2.053790951136647,1.3038834327601527,-4.609355519385,0.5017736171117058,0.1152255486485937,0
41,Naive,-0.9141553258085083,0.9543705698878646,-2.7846872706936896,0.9563766190766728,0.3381323381862153,0
41,StdRC,-1.1596941563331429,1.2107110702400792,-3.5326442496876416,1.2132559370213558,0.33813233818621513,0
41,GRC,-0.9411016097759234,1.1197591109638114,-3.135789138625584,1.2535859190737373,0.40065609226235255,0
41,Bayesian,-1.15928364950747,0.6854918789898499,-2.624360715,0.1800125369999998,0.08,0
42,Oracle,-0.4643009959679515,1.1181260711906063,-2.655787825676808,1.7271858337409052,0.6779594594249082,0
42,Naive,-0.22705691484696083,0.802458743152828,-1.7998471505057811,1.3457333208118596,0.7772140063117978,0
42,StdRC,-0.275832181924645,0.9748390449924924,-2.1864816008333516,1.6348172369840615,0.7772140063117978,0
42,GRC,-0.45737989855874756,0.923125459364009,-2.266672552124198,1.3519127550067032,0.6202692136013271,0
42,Bayesian,-0.5952039721955,0.6818649646298954,-1.9340858799999998,0.7448408567499994,0.37,0
43,Oracle,-1.402125604606773,1.2193002981890335,-3.7919102753962273,0.9876590661826814,0.2501674292440854,0
43,Naive,-0.5855260707199605,0.8082451124609287,-2.1696573818239067,0.9986052403839853,0.4687949049990122,0
43,StdRC,-0.6636369143113348,0.9160673098317487,-2.459095848996057,1.1318220203733875,0.4687949049990122,0
43,GRC,-0.6417074885540658,0.8933954436209756,-2.392730382003362,1.1093154048952307,0.4725850669711634,0
43,Bayesian,-0.96368688494302,0.6542412603278331,-2.2521151175,0.32033653199999984,0.142,0
44,Oracle,-0.5184821433436249,0.986783085890122,-2.452541452241559,1.415577165554309,0.5992866227352761,0
44,Naive,-0.5710059741851842,0.8463357622891451,-2.229793587100161,1.0877816387297927,0.4998789721962449,0
44,StdRC,-0.680235655099887,1.0082342177185524,-2.656338409809165,1.2958670996093913,0.499878972196245,0
44,GRC,-0.6008254943860919,0.9380140623236618,-2.4392992735325785,1.237648284760395,0.5218285442336781,0
44,Bayesian,-0.8276978379576001,0.6705510100325112,-2.1575872225,0.41026732924999976,0.196,0
45,Oracle,-0.6306988679760122,1.125862582741613,-2.8373489816908206,1.5759512457387963,0.5753486915274886,0
45,Naive,0.4664465696499067,0.8914648922546856,-1.2807925126511568,2.2136856519509704,0.6008099967118963,0
45,StdRC,0.5658334050040259,1.0814113517966493,-1.5536938969901808,2.6853607069982326,0.600809996711896,0
45,GRC,0.8460486861969639,1.0842140591055625,-1.27897182118192,2.9710691935758478,0.4351945261383704,0
45,Bayesian,-0.3940085019399,0.7766912811426097,-1.949901675,1.0085410424999997,0.616,0
46,Oracle,-2.0778735610519776,1.1021006373741769,-4.237951117644002,0.08220399554004709,0.0593791568220893,0
46,Naive,-0.8739898948195521,0.8957520053683588,-2.6296315644210644,0.8816517747819601,0.3292105716937536,0
46,StdRC,-1.039297119306617,1.0651753347613577,-3.1270024126592735,1.0484081740460396,0.3292105716937535,0
46,GRC,-1.088989120995487,1.0407591832022445,-3.12883963665121,0.950861394660236,0.295403570592523,0
46,Bayesian,-0.9091628951852999,0.7108142135651349,-2.3884619675,0.40483041474999965,0.176,0
47,Oracle,-1.4220063299616226,1.3255829652485553,-4.020101200368601,1.176088540445356,0.28338763229619335,0
47,Naive,-1.8921127643439681,0.8735835850659165,-3.604305128558547,-0.17992040012938926,0.030317247711834056,0
47,StdRC,-2.240245258663271,1.0343154601404136,-4.267466309191455,-0.21302420813508638,0.030317247711834038,0
47,GRC,-2.17052743503141,0.9890799942620264,-4.109088601614065,-0.23196626844875468,0.02820010925257163,0
47,Bayesian,-1.631113571139,0.6852777431817673,-3.0114825025,-0.3700290340000002,0.018,0
48,Oracle,-1.8905884586792916,1.365055085030697,-4.566047262252718,0.7848703448941357,0.1660553422498509,0
48,Naive,-1.2506184882410174,0.9826929733034029,-3.176661323776268,0.6754243472942332,0.20314433551230038,0
48,StdRC,-1.4753342271528536,1.1592668682966984,-3.7474555374849206,0.7967870831792134,0.20314433551230038,0
48,GRC,-1.54569661481505,1.1124150873761705,-3.7259901219313214,0.6345968923012215,0.1646818943124074,0
48,Bayesian,-1.4357166854835,0.7565882147730939,-3.0018922949999998,-0.02615318562500032,0.048,0
49,Oracle,0.20262107940370022,1.1921935712056524,-2.134035382759567,2.5392775415669675,0.8650443252471651,0
49,Naive,-0.26382983098188495,1.0887022541407567,-2.3976470389853413,1.8699873770215714,0.8085211862970804,0
49,StdRC,-0.31972007668538116,1.3193351444982333,-2.905569443439867,2.266129290069104,0.8085211862970801,0
49,GRC,-0.34984928374247504,1.250540920214318,-2.8008644485561156,2.1011658810711653,0.7796628962410193,0
49,Bayesian,-1.1177697060464,0.8161682625916069,-2.87107956,0.3592708782499999,0.16,0
50,Oracle,-1.4509831406206195,1.3590500803818064,-4.1146723513552255,1.2127060701139865,0.2856806376777364,0
50,Naive,-0.7990928096117288,1.1780333441447297,-3.107995736722678,1.5098101174992204,0.4975638528359023,0
50,StdRC,-1.0149400600942087,1.496238257581344,-3.9475131572446074,1.9176330370561898,0.49756385283590243,0
50,GRC,-0.8819099308297955,1.4059063816404682,-3.6374358044801376,1.8736159428205463,0.5304696622276913,0
50,Bayesian,-1.0929357964222,0.7751624391349542,-2.655245665,0.38733646574999964,0.148,0
51,Oracle,-1.4061831813667618,1.3916567229926096,-4.133780237275311,1.3214138745417874,0.31228537080512686,0
51,Naive,-2.759349406175605,1.2634982560037997,-5.235760482472221,-0.28293832987898826,0.028969855020892554,0
51,StdRC,-3.5824205223975714,1.6403801824412716,-6.797506600935707,-0.3673344438594359,0.028969855020892554,0
51,GRC,-3.149254289483734,1.49212168262823,-6.0737590479863695,-0.2247495309810983,0.03480773010741772,0
51,Bayesian,-1.9466748390900002,0.874518565745657,-3.6866502075,-0.36561747325000027,0.012,0
52,Oracle,-0.9403065072640365,1.3687852540524268,-3.623076307776301,1.7424632932482278,0.492105270031275,0
52,Naive,0.5734967264564156,1.0502888590433115,-1.4850316106321406,2.6320250635449716,0.5850404065918562,0
52,StdRC,0.7178907165728573,1.314728727896921,-1.858930239545269,3.2947116726909833,0.5850404065918564,0
52,GRC,0.5338904678213735,1.1944907210733553,-1.807268325349682,2.875049260992429,0.6549034000602028,0
52,Bayesian,-0.7152221815346099,0.9832569925863363,-2.9217171275,0.9925261117499997,0.474,20
53,Oracle,0.8473103341149146,1.2637986110556116,-1.629689427265828,3.3243100954956573,0.5025727070226698,0
53,Naive,0.17327234564167432,0.7855188425045311,-1.3663162948447976,1.712860986128146,0.8254168983630463,0
53,StdRC,0.2054216827187473,0.9312657587510224,-1.619825664468623,2.0306690299061176,0.825416898363046,0
53,GRC,0.2704543180197256,0.8943465153880827,-1.4824326418398137,2.0233412778792648,0.762343803821263,0
53,Bayesian,-0.15162376733393002,0.6704622806605887,-1.45606749,1.0988125099999997,0.804,0
54,Oracle,-1.2542715245911242,1.1333358424371933,-3.4755689581563844,0.9670259089741362,0.2684203171407691,0
54,Naive,-0.5442567929063312,0.9117857692566127,-2.3313240622654403,1.2428104764527776,0.5505654571272081,0
54,StdRC,-0.6111697002525907,1.023884024148593,-2.617945511929772,1.3956061114245906,0.5505654571272081,0
54,GRC,-0.5113510477328185,1.010754914189221,-2.4923942767405642,1.4696921812749273,0.6129198116868091,0
54,Bayesian,-0.84799171861792,0.6860365154814405,-2.198587925,0.41198064149999997,0.214,0
55,Oracle,-2.5108625595559926,1.233497722416728,-4.928473670504964,-0.09325144860702084,0.041794237175371896,0
55,Naive,-1.7923299924281215,0.8670944911482441,-3.491803966271765,-0.09285601858447845,0.038729190211907946,0
55,StdRC,-2.065796632975511,0.9993923484251975,-4.0245696423138035,-0.10702362363721862,0.038729190211907946,0
55,GRC,-2.058667944190842,0.9653086462791014,-3.950638124862995,-0.16669776351868903,0.03295323922352527,0
55,Bayesian,-1.59170926276,0.6943436201740483,-2.9595983125000003,-0.2965249290000001,0.022,0
56,Oracle,-1.38633618226089,1.1464293358569106,-3.6332963913606084,0.8606240268388285,0.22656128341455845,0
56,Naive,-0.15227350305610846,0.923587666081203,-1.962472065140672,1.657925059028455,0.8690449383033363,0
56,StdRC,-0.17268800474177395,1.0474081705528628,-2.2255702961383714,1.8801942866548234,0.8690449383033358,0
56,GRC,-0.23818113221172044,1.0009799086704316,-2.200065702453959,1.723703438030518,0.8119214530484589,0
56,Bayesian,-0.77027129918724,0.7056880521338781,-2.1569425325,0.5646762632499993,0.268,0
57,Oracle,-0.7015602612943321,1.2704931701207822,-3.191681117335185,1.7885605947465208,0.5808146058747774,0
57,Naive,1.8302443931640033,1.0511556072119694,-0.2299827391187883,3.890471525446795,0.08165315326809101,0
57,StdRC,2.3931000853787054,1.374417855211459,-0.3007094105445409,5.086909581301952,0.08165315326809086,0
57,GRC,2.100809161042847,1.3016016414173013,-0.4502831783532817,4.651901500438976,0.10652340821840345,0
57,Bayesian,0.05708328796052,0.8566501035904556,-1.7450530100000001,1.5942030824999998,0.898,0
58,Oracle,-0.2683206473680954,0.9391676917068672,-2.1090554985571717,1.572414203820981,0.775107547592794,0
58,Naive,0.5971422537988565,1.0211095587009367,-1.4041957055245677,2.5984802131222806,0.5586839272838324,0
58,StdRC,0.7499249695233866,1.2823670571246812,-1.763468277401607,3.26331821644838,0.5586839272838325,0
58,GRC,0.5660363534508458,1.2159002760443516,-1.8170843963883931,2.949157103290085,0.6415529605870449,0
58,Bayesian,-0.32498314061708,0.8561102216106122,-2.02919851,1.3047493349999997,0.716,0
59,Oracle,-0.9919138210245275,1.247069296196212,-3.436124727794816,1.452297085745761,0.4263832367797026,0
59,Naive,-0.16190269711449493,0.8963033522454023,-1.9186249867380012,1.5948195925090112,0.8566550091268736,0
59,StdRC,-0.18818835557265662,1.0418223844290766,-2.2301227073412893,1.8537459961959761,0.8566550091268734,0
59,GRC,-0.2946882665557856,0.9968073939525091,-2.2483948582259328,1.6590183251143613,0.7675110539532354,0
59,Bayesian,-0.42860230632490004,0.7476532018816348,-1.98613544,0.9884084384999995,0.568,0
60,Oracle,1.8741297342986285,1.3421899504319583,-0.7565142289596101,4.5047736975568675,0.16261746689306478,0
60,Naive,1.779064238556436,1.2353997072022107,-0.642274694071225,4.200403171184097,0.14984709597386997,0
60,StdRC,2.1793850259434038,1.5133863997603778,-0.7867978122796733,5.14556786416648,0.14984709597386978,0
60,GRC,2.0092086304966954,1.4373207633290377,-0.8078882998598371,4.826305560853228,0.16214770924299338,0
60,Bayesian,-0.0324343191329,0.8097178291299545,-1.6252265474999998,1.5234866049999998,0.986,0
61,Oracle,-1.485876330985641,1.5003034544859482,-4.426417067659128,1.4546644056878455,0.3219865298268019,0
61,Naive,-0.513867928462552,0.9204949467409694,-2.318004872025967,1.2902690151008633,0.576672477533587,0
61,StdRC,-0.6546809479147956,1.172734220028431,-2.9531977826081914,1.6438358867786005,0.5766724775335865,0
61,GRC,-0.5551285911774293,1.1390303045611068,-2.787586965416887,1.6773297830620286,0.6259965278696595,0
61,Bayesian,-0.679088280175435,0.7137333003172214,-2.0978087375,0.6812306832499998,0.336,0
62,Oracle,-0.4912212944298442,1.129322676954809,-2.704653068185632,1.7222104793259436,0.6635843256113708,0
62,Naive,-0.33250689398568933,0.9857698653377471,-2.2645803270925726,1.5995665391211942,0.7358856225150597,0
62,StdRC,-0.4186720547393603,1.2412202648612147,-2.851419070748608,2.0140749612698876,0.7358856225150597,0
62,GRC,-0.3797917756812735,1.182328905959243,-2.6971138492420343,1.9375302978794875,0.7480410590081492,0
62,Bayesian,-0.7577819959057,0.7636092599084712,-2.2933037625,0.6099041469999998,0.318,0
63,Oracle,0.8191167212667734,1.3385326635383843,-1.8043590913989298,3.4425925339324763,0.540570019625154,0
63,Naive,0.7574891034084713,1.1074879747477135,-1.413147440408252,2.9281256472251944,0.4939937943198389,0
63,StdRC,0.8892297020140159,1.3000994962668952,-1.6589184869877653,3.437377891015797,0.49399379431983903,0
63,GRC,0.7358984191261141,1.280404383713935,-1.7736480586004024,3.2454448968526304,0.5654677827326382,0
63,Bayesian,-0.57335273260798,0.8087950475764628,-2.2925471075,0.9918217974999998,0.478,0
64,Oracle,-2.2012430395875615,1.354549495755001,-4.8561112665442545,0.4536251873691315,0.1041468121964979,0
64,Naive,-2.9579848722196966,1.1737836438988685,-5.258558539903667,-0.6574112045357263,0.011734060760140004,0
64,StdRC,-3.5474227400022618,1.4076835988295415,-6.306431895335892,-0.7884135846686307,0.01173406076013999,0
64,GRC,-3.64030529398692,1.3792176186891607,-6.343522153460772,-0.9370884345130674,0.008305322185075945,0
64,Bayesian,-1.8472436029978998,0.7721013169308862,-3.3126548375,-0.3706037897500002,0.018,0
65,Oracle,-1.7501536631674244,1.1021876720277077,-3.910401804545777,0.4100944782109279,0.11231103444213125,0
65,Naive,-0.7786740061861609,0.8226306831119632,-2.391000517663191,0.8336525052908691,0.3438601179452555,0
65,StdRC,-0.915061186640425,0.9667170126073164,-2.8097917145929188,0.9796693413120685,0.3438601179452553,0
65,GRC,-0.794517718169305,0.9146961231934885,-2.587289176426955,0.9982537400883447,0.3850583782283655,0
65,Bayesian,-0.7987871872939,0.6785627090575364,-2.1716472225,0.44615425599999997,0.226,0
66,Oracle,-0.5982868882149246,1.57168607151007,-3.6787349833779057,2.4821612069480565,0.7034513660841689,0
66,Naive,-0.2985970836566978,0.963660041615782,-2.187336058564,1.5901418912506047,0.756669487160446,0
66,StdRC,-0.35391185629602917,1.1421769763788494,-2.59253759396943,1.8847138813773716,0.7566694871604456,0
66,GRC,-0.3350941358363033,1.1172180829968743,-2.524801341387058,1.8546130697144512,0.7642258283755061,0
66,Bayesian,-0.7271955717257399,0.7097284406772524,-2.2658878624999996,0.6429702724999995,0.304,0
67,Oracle,-1.0268445058536886,1.159045063020541,-3.2985310858329067,1.2448420741255293,0.37564980293295347,0
67,Naive,-0.7095087061160591,0.9766483946929639,-2.623704385273128,1.2046869730410097,0.46754884306961053,0
67,StdRC,-0.9196859499363954,1.2659602326009058,-3.40092241169412,1.5615505118213295,0.4675488430696104,0
67,GRC,-0.8604286781017512,1.1951044809642561,-3.2027904185541276,1.4819330623506255,0.47154897692731756,0
67,Bayesian,-0.98758474873175,0.7393243351635552,-2.4502166175,0.4650730862499997,0.172,0
68,Oracle,-2.1132695238542123,1.3937399236468275,-4.8449495780176,0.6184105303091747,0.1294540883489966,0
68,Naive,-1.1821007576433626,0.9982414921363908,-3.138618130104212,0.7744166148174869,0.23634056951056512,0
68,StdRC,-1.4328036626864136,1.2099510612191702,-3.8042641657320053,0.9386568403591782,0.23634056951056528,0
68,GRC,-1.411662125041898,1.153629376732348,-3.6727341549446897,0.8494099048608938,0.22107658885057688,0
68,Bayesian,-1.4192632179997,0.7816475889574758,-3.0057660950000002,0.05609132864999976,0.056,0
69,Oracle,-2.421014467009222,1.043774265465375,-4.466774435311106,-0.3752544987073376,0.02036897588240122,0
69,Naive,-1.1519086347396528,0.8852976482482287,-2.8870601409041905,0.5832428714248847,0.1932057244528788,0
69,StdRC,-1.3654814765126775,1.0494387344847107,-3.4223436000840026,0.6913806470586479,0.1932057244528787,0
69,GRC,-1.3844911196763081,1.044219530085832,-3.431123790597878,0.662141551245262,0.18488537221163048,0
69,Bayesian,-1.0646983601836,0.660950965300167,-2.35074168,0.18435838174999974,0.104,0
70,Oracle,-0.2180059231838823,1.074968713171247,-2.3249058855068943,1.8888940391391296,0.8392897086894331,0
70,Naive,-0.3154808708907495,0.8022371782142859,-1.8878368472497906,1.2568751054682916,0.6941338304722069,0
70,StdRC,-0.35711816890928855,0.9081167783832215,-2.1369943482969447,1.4227580104783675,0.6941338304722069,0
70,GRC,-0.27275993488794725,0.8702484269303141,-1.978415509274,1.4328956394981054,0.7539557665204877,0
70,Bayesian,-0.8915244374532,0.6343026940185483,-2.1632605574999997,0.317452804,0.142,0
71,Oracle,-0.7985572143843086,1.1566226772223134,-3.065496005442339,1.4683815766737216,0.48992913248444503,0
71,Naive,-0.694014423561201,0.897762310082521,-2.4535962180004227,1.0655673708780204,0.4394932716756589,0
71,StdRC,-0.8504949897103806,1.1001822451441734,-3.006812566623377,1.305822587202616,0.4394932716756589,0
71,GRC,-0.8322762370371027,1.0601231935135926,-2.9100795154993304,1.2455270414251252,0.4324095849655657,0
71,Bayesian,-0.7983673476866899,0.6778900740472736,-2.1504462699999998,0.4858193104999988,0.242,0
72,Oracle,1.0738739177741323,1.4199038099520498,-1.709086411243091,3.8568342467913554,0.44946906683883203,0
72,Naive,0.8118342984492588,1.1250435538221129,-1.3932105480810324,3.01687914497955,0.47053887029951447,0
72,StdRC,0.9810184148814299,1.3594996490680082,-1.683551934286709,3.6455887640495686,0.47053887029951447,0
72,GRC,0.8539813213177668,1.3200093449195212,-1.7331894539808044,3.441152096616338,0.5176636786710374,0
72,Bayesian,-0.4006619267394,0.7644534005590518,-1.9477221825,1.0669471624999998,0.594,0
73,Oracle,-1.8529680215537745,1.6040560975449498,-4.996860201923743,1.2909241588161948,0.24801812719495506,0
73,Naive,-0.2484329517392671,1.1141008260394796,-2.432030445922971,1.9351645424444368,0.8235435628805166,0
73,StdRC,-0.32118504258811037,1.4403585303550566,-3.144235886909063,2.501865801732843,0.8235435628805167,0
73,GRC,-0.36875000480524406,1.3087612054320699,-2.933874831815328,2.19637482220484,0.7781313833217152,0
73,Bayesian,-0.8982665035074001,0.9778593827797306,-2.8491089075000002,0.8399107507499998,0.388,0
74,Oracle,-2.3925716571243125,1.4483857105642377,-5.231355485552673,0.44621217130404833,0.09855728871441191,0
74,Naive,-0.613116972441182,1.0116302204378227,-2.59587577017163,1.3696418252892661,0.5444694233547591,0
74,StdRC,-0.7480814736264242,1.23431883325127,-3.167301932238414,1.6711389849855656,0.5444694233547592,0
74,GRC,-0.766427479909954,1.1658783648646118,-3.0515070853990416,1.5186521255791334,0.5109353067885983,0
74,Bayesian,-0.70604993026948,0.7717121728609637,-2.28015936,0.7427105804999998,0.35,0
75,Oracle,0.02457539468379705,1.1417818411786618,-2.213275892228212,2.2624266815958065,0.9828278806000651,0
75,Naive,-0.23748523338696312,0.9602209815282707,-2.1194837743820742,1.6445133076081482,0.8046578575497862,0
75,StdRC,-0.2750282092220394,1.112018011565544,-2.454543462050351,1.904487043606272,0.8046578575497867,0
75,GRC,-0.38907994965998477,1.0723741430563765,-2.4908946480024863,1.7127347486825168,0.7167385403896529,0
75,Bayesian,-0.81994242588287,0.73230716159468,-2.33742186,0.4941329757499998,0.258,0
76,Oracle,0.11272802216070285,1.1352236252513026,-2.1122693977308455,2.337725442052251,0.9208998572907419,0
76,Naive,0.34597461513297006,0.8040457149384417,-1.2299260280701345,1.9218752583360748,0.6669830862507746,0
76,StdRC,0.4068882213871133,0.9456090607673482,-1.4464714811716366,2.260247923945863,0.6669830862507746,0
76,GRC,0.33318056735660356,0.8894096220746517,-1.4100302594130945,2.0763913941263015,0.7079515142872563,0
76,Bayesian,-0.27514649243100003,0.6317623602766318,-1.57086953,0.8706411734999997,0.69,0
77,Oracle,-1.6150785995569819,1.3305906596942472,-4.2229883707230975,0.9928311716091338,0.22482190838764124,0
77,Naive,-1.2411728599069152,1.0813563369229142,-3.3605923347299873,0.878246614916157,0.2510541706068687,0
77,StdRC,-1.5142900079136727,1.3193062375850744,-4.100082718159462,1.0715027023321166,0.2510541706068683,0
77,GRC,-1.399849373545369,1.2391285129620884,-3.8284966311677358,1.0287978840769978,0.25860065281014083,0
77,Bayesian,-1.4952602911754997,0.8478725477797098,-3.2460732675,0.09992993017499964,0.066,0
78,Oracle,-0.19498295666878704,1.3161730957025068,-2.77463482166629,2.3846689083287163,0.8822292397218203,0
78,Naive,-0.4088649744108156,1.000115308548514,-2.3690549595530666,1.5513250107314351,0.6826733509959793,0
78,StdRC,-0.48886421720124745,1.1957996356354557,-2.83258843577286,1.8548600013703649,0.6826733509959793,0
78,GRC,-0.5312995809896107,1.1664676605993896,-2.8175341848951057,1.754935022915884,0.6487658699607937,0
78,Bayesian,-0.96234113034,0.787035493253999,-2.499771,0.5977812257499994,0.24,0
79,Oracle,1.1510957136405686,1.755916691337864,-2.29043776123438,4.592629188515517,0.5121120462583713,0
79,Naive,1.586790697376083,1.0343887500720959,-0.44057399877862813,3.614155393530794,0.12502053095301224,0
79,StdRC,1.9630673118876731,1.2796739648200848,-0.545047571113269,4.471182194888615,0.12502053095301224,0
79,GRC,1.843169182080389,1.2440569854664407,-0.5951377041493044,4.2814760683100825,0.1384522479282186,0
79,Bayesian,-0.06481653333302001,0.7874274752254535,-1.6339899,1.3206767174999998,0.95,0
80,Oracle,-2.9688437990717245,1.2630120792411137,-5.444301986423357,-0.49338561172009276,0.018742867244114808,0
80,Naive,-2.4262951632845127,0.947137671424484,-4.282650887677633,-0.5699394388913925,0.010415726279823494,0
80,StdRC,-2.790126311565685,1.0891641617663426,-4.924848841879474,-0.6554037812518962,0.0104157262798235,0
80,GRC,-2.7510680723844456,1.0648910069754045,-4.83821609351683,-0.6639200512520613,0.00978241951647075,0
80,Bayesian,-2.1868542049400004,0.7196571933987066,-3.59637002,-0.8285993357500001,0.0,0
81,Oracle,-3.32841709999497,1.7201313103382052,-6.699812516937543,0.04297831694760301,0.05299293426721329,0
81,Naive,-0.9192919409009035,1.0845873333726035,-3.0450440523995432,1.2064601705977365,0.3966629742741321,0
81,StdRC,-1.1164967943109914,1.317251057019061,-3.698261424665668,1.4652678360436853,0.39666297427413244,0
81,GRC,-1.0282205757513243,1.236775024245571,-3.4522550802512955,1.395813928748647,0.40576330613226597,0
81,Bayesian,-1.201193250871,0.8606559171130361,-2.9431729950000003,0.44137921074999986,0.152,0
82,Oracle,2.508424069004811,1.4633282593628558,-0.35964661690607347,5.376494754915695,0.08649366119520532,0
82,Naive,1.0040051088111992,1.0343665198617,-1.0233160169317672,3.0313262345541654,0.3317239244736046,0
82,StdRC,1.3213167148820282,1.3612737226266716,-1.3467307545670155,3.989364184331072,0.3317239244736045,0
82,GRC,1.1137354010668021,1.2669823614604108,-1.3695043964431117,3.596975198576716,0.3793764957658742,0
82,Bayesian,-0.06196525656441999,0.7988283736619234,-1.6452833825000002,1.3613989849999997,0.966,0
83,Oracle,-0.2131690031230231,1.0659454848907934,-2.3023837629920623,1.8760457567460163,0.8414953240334485,0
83,Naive,0.33461658084373685,0.8121698646430517,-1.257207103185415,1.9264402648728889,0.6803370798628556,0
83,StdRC,0.37245243093044683,0.9040037395995597,-1.3993623405742157,2.1442672024351093,0.6803370798628555,0
83,GRC,0.3020375840040228,0.8803051843559913,-1.4233288727376128,2.027404040745658,0.73151906491422,0
83,Bayesian,-0.15565534143539997,0.616014787156029,-1.4272988999999998,1.0404887324999992,0.802,0
84,Oracle,-1.7650693039216048,1.1663903289891657,-4.051152340656195,0.5210137328129849,0.13020982484284258,0
84,Naive,-0.9927369439145152,0.827695976677985,-2.6149912483520703,0.6295173605230399,0.2303732038350657,0
84,StdRC,-1.1950335369761609,0.996361076933593,-3.147865363363545,0.7577982894112234,0.23037320383506565,0
84,GRC,-1.0892978186872557,0.9336995862231159,-2.9193153800645137,0.7407197426900023,0.2433529555951356,0
84,Bayesian,-1.0470875624885398,0.7294781609182523,-2.5717195200000003,0.31223619975,0.15,0
85,Oracle,-4.210871485675404,1.6532471742039943,-7.451176404657849,-0.9705665666929586,0.010864384129205873,0
85,Naive,-2.86459975254542,1.3650425138252307,-5.540033917008891,-0.18916558808194894,0.03585724819027866,0
85,StdRC,-4.075719706751665,1.9421668486872181,-7.882296782146264,-0.2691426313570644,0.0358572481902787,0
85,GRC,-3.868453857513289,1.7945930808175166,-7.385791662820401,-0.3511160522061778,0.031113649127971443,0
85,Bayesian,-1.975153495951,0.9190792675872562,-3.77650603,-0.2474296357500001,0.034,0
86,Oracle,-1.4868013597714063,1.487535204082478,-4.402316785508503,1.42871406596569,0.3175493091216344,0
86,Naive,-1.1062274510699666,0.9412959874634763,-2.951133685290446,0.7386787831505133,0.23990773873397975,0
86,StdRC,-1.300366320023271,1.1064899881906238,-3.4690468461310435,0.8683142060845017,0.23990773873397955,0
86,GRC,-1.301175062974927,1.0523675033550228,-3.363777468051106,0.7614273421012523,0.2163000729135328,0
86,Bayesian,-1.2907369850855,0.7426799430452743,-2.7301727375,0.15276595649999972,0.084,0
87,Oracle,-1.3058151104167448,1.233841106755562,-3.724099242302686,1.1124690214691964,0.28990352374522965,0
87,Naive,-1.3067483754787672,0.87824676965922,-3.0280804135494828,0.41458366259194857,0.13677576400327135,0
87,StdRC,-1.5420726492002366,1.0364048260199643,-3.5733887816028673,0.48924348320239397,0.13677576400327082,0
87,GRC,-1.4226168175968594,1.001406658351306,-3.3853378018440257,0.5401041666503068,0.15542769939908385,0
87,Bayesian,-1.0948587144994002,0.6444477003448322,-2.4419677625,0.14848703124999918,0.078,0
88,Oracle,-1.886443482916046,1.2524923782947825,-4.341283435284737,0.5683964694526449,0.13202824383612108,0
88,Naive,-2.0501802633951347,1.1830625896102414,-4.368940330487899,0.2685798036976288,0.08310576586603882,0
88,StdRC,-2.5949199641724534,1.4974062463957591,-5.529782277333451,0.3399423489885445,0.08310576586603882,0
88,GRC,-2.7462876806577428,1.475511263540987,-5.638236615981265,0.14566125466578006,0.0627096131042787,0
88,Bayesian,-2.14270705689,0.7931314064110949,-3.7262027300000002,-0.6892128587500004,0.0,0
89,Oracle,-0.08799237556662395,1.1602040265105444,-2.361950482245645,2.1859657311123972,0.939544676503096,0
89,Naive,0.5729338050503691,0.8599836680761842,-1.1126032116716003,2.258470821772338,0.5052738458777324,0
89,StdRC,0.6730355030623566,1.0102380686337422,-1.3069947272710816,2.6530657333957945,0.5052738458777328,0
89,GRC,0.5564960068682724,0.9425618347223422,-1.2908912423895131,2.403883256126058,0.5549171775099737,0
89,Bayesian,-0.900731311258,1.0344165478572156,-3.1176585699999997,0.74095698225,0.412,19
90,Oracle,2.212459168176951,1.2064878852990568,-0.15221363479309202,4.5771319711469935,0.06668348046549548,0
90,Naive,1.394580516496269,0.8883222973874594,-0.3464991930470307,3.135660226039569,0.11643750227415887,0
90,StdRC,1.6102998783746003,1.0257315877568396,-0.40009709143389105,3.6206968481830915,0.11643750227415911,0
90,GRC,1.5123711407695895,0.9962235630938321,-0.4401911634444877,3.4649334449836666,0.12898814127978905,0
90,Bayesian,0.15631847527610002,0.6900078566845095,-1.2358473975,1.5032091249999997,0.808,0
91,Oracle,-1.9804573862545867,1.1504542556197634,-4.23530629313016,0.2743915206209866,0.08516795149212357,0
91,Naive,-0.7758818661619215,0.9318092472880682,-2.6021944313079124,1.0504306989840693,0.40503555420474324,0
91,StdRC,-0.9085645627304283,1.0911569121964395,-3.0471928121173835,1.230063686656527,0.40503555420474324,0
91,GRC,-0.9296307065473404,1.0292058531159647,-2.946837111332452,1.0875756982377716,0.36639295867076793,0
91,Bayesian,-1.1824384770677,0.7410389698806439,-2.6949693624999997,0.21864898074999997,0.106,0
92,Oracle,-2.7681336435113995,1.2684289097027877,-5.254208623478272,-0.28205866354452747,0.029085001491932855,0
92,Naive,-1.8898680202579228,0.9086163994569315,-3.6707234389559678,-0.1090126015598778,0.03753099349615017,0
92,StdRC,-2.238461946202755,1.0762144298322605,-4.347803468316295,-0.1291204240892152,0.03753099349615022,0
92,GRC,-2.164778690173751,1.030663900200302,-4.184842814731928,-0.14471456561557483,0.035696036913514084,0
92,Bayesian,-1.4988735933551,0.6998993566630406,-2.8341644025,-0.10288575612500009,0.03,0
93,Oracle,-2.1048321167883604,1.1462812242494627,-4.351502032471789,0.14183779889506765,0.06632414478509728,0
93,Naive,-1.7171841356908615,0.8768368124161326,-3.435752708345385,0.0013844369636617504,0.05018484353366933,0
93,StdRC,-1.9464410550870295,0.9939010819080021,-3.894451379822108,0.001569269648048932,0.05018484353366927,0
93,GRC,-1.8664748424246707,0.9718118308986272,-3.7711910307359093,0.03824134588656802,0.05478046224974287,0
93,Bayesian,-1.3591961876085001,0.6338444333943849,-2.6575302375,-0.1030592185750002,0.024,0
94,Oracle,-4.403503917357852,1.3977242257745393,-7.14299306019508,-1.6640147745206235,0.0016300173836289935,0
94,Naive,-3.4262803912503355,1.2874287722560809,-5.949594417532873,-0.9029663649677975,0.007783127261915249,0
94,StdRC,-4.416539054864902,1.659519596687414,-7.669137696010669,-1.1639404137191351,0.007783127261915244,0
94,GRC,-4.09459660481653,1.523843105220738,-7.081274209138856,-1.107919000494204,0.007209267783823705,0
94,Bayesian,-2.4236030977399996,0.8829318225385585,-4.216642562500001,-0.7009834917500003,0.012,0
95,Oracle,-2.4624752197620334,1.0572861751284877,-4.534718044365977,-0.3902323951580895,0.019856274080567747,0
95,Naive,-0.7317440064714514,0.7489609981864415,-2.1996805887420456,0.7361925757991427,0.3285631297871209,0
95,StdRC,-0.8243197899305594,0.8437149703054196,-2.477970744946463,0.8293311650853443,0.3285631297871207,0
95,GRC,-0.7259158406284798,0.7999835332325884,-2.2938547539894545,0.8420230727324949,0.3641881844326854,0
95,Bayesian,-0.8966667222832,0.6195569485540406,-2.130452535,0.21199111999999995,0.14,0
96,Oracle,-2.631061440873724,1.1254491012193646,-4.836901145696652,-0.4252217360507955,0.019398246698130877,0
96,Naive,-2.7401283119953126,1.0913131596742642,-4.87906280081148,-0.6011938231791456,0.012043940366687456,0
96,StdRC,-3.232202138147512,1.2872918077033861,-5.75524771883961,-0.7091565574554144,0.012043940366687456,0
96,GRC,-3.091053182395855,1.248714626969413,-5.538488878224273,-0.6436174865674369,0.013309150459563008,0
96,Bayesian,-2.0432334884029997,0.7518791700729934,-3.48116477,-0.5999936925000003,0.006,0
97,Oracle,-0.37063766774111856,1.1735301527948052,-2.6707145019907235,1.9294391665084862,0.7521304854841202,0
97,Naive,0.1407326201421286,1.0454820907002953,-1.9083746241120885,2.1898398643963457,0.8929200260477049,0
97,StdRC,0.16670828785100675,1.2384515341469327,-2.2606121156753582,2.594028691377372,0.8929200260477046,0
97,GRC,0.0956634179553917,1.1861705454878106,-2.2291881307229473,2.4205149666337307,0.9357211304962104,0
97,Bayesian,-0.6928993326380001,0.7976812341785559,-2.2936116225,0.8476204534999998,0.388,0
98,Oracle,-0.9715870217365175,1.260920855548766,-3.442946485967531,1.4997724424944963,0.440981016794024,0
98,Naive,0.26927113633514754,1.1028035233325124,-1.892184051420454,2.430726324090749,0.8070994413834002,0
98,StdRC,0.3228948298908583,1.3224200741154997,-2.2690008878083097,2.9147905475900266,0.8070994413834002,0
98,GRC,0.34516026197077637,1.279966324730258,-2.1635276359246287,2.853848159866182,0.7874191054838744,0
98,Bayesian,-1.42928488883665,1.032489918385246,-3.6214388825,0.39022146924999995,0.146,0
99,Oracle,-1.0591146384687622,1.522875673867006,-4.043896112180259,1.9256668352427349,0.4867606847734487,0
99,Naive,-1.200854706500578,1.2817656301701865,-3.71306917825543,1.3113597652542743,0.3488226468690958,0
99,StdRC,-1.4863470759129835,1.5864938415081307,-4.595817866963516,1.623123715137549,0.34882264686909625,0
99,GRC,-1.4461855263096446,1.4564312737131622,-4.30073836874524,1.408367316125951,0.32072692876676784,0
99,Bayesian,-1.5917301344507,0.9044712114537995,-3.427914255,0.10838685849999916,0.072,0
