rep,method,beta,ci_lo,ci_hi,p,div
0,Oracle,-2.5663593553779416,-5.342613140435036,0.20989442967915295,0.07001959387822101,0
0,Naive,-0.7493557190888033,-2.9025501457784957,1.4038387076008894,0.49517093341371354,0
0,StdRC,-1.0204773893896886,-3.9527112690063912,1.911756490227014,0.49517093341371354,0
0,GRC,-0.9465091460711218,-3.5575666849813934,1.66454839283915,0.4774018573712988,0
0,Bayesian,-1.3051145975348148,-3.123658755,0.35528903225000047,0.134,0
1,Oracle,-2.668993694323895,-4.957422233112765,-0.38056515553502557,0.022259784230699693,0
1,Naive,-1.323324145010469,-3.3082702959920542,0.6616220059711164,0.19132514077857066,0
1,StdRC,-1.9032610698570125,-4.758095049249026,0.951572909535001,0.1913251407785706,0
1,GRC,-1.6910072730589396,-4.288773915826315,0.9067593697084362,0.20201497542799754,0
1,Bayesian,-1.8472461153707,-3.4464737975,-0.2658743284999999,0.018,0
2,Oracle,0.3766715109933442,-2.016580007846536,2.7699230298332242,0.7577195429114113,0
2,Naive,0.6033107337758924,-1.2618989796488815,2.4685204472006665,0.5261072909814625,0
2,StdRC,0.8125789291558355,-1.699609279563762,3.3247671378754333,0.5261072909814624,0
2,GRC,0.6939765530184376,-1.7335899041812703,3.1215430102181454,0.5752738261629966,0
2,Bayesian,-0.0665900007022325,-1.74172872,1.5136752450000002,0.9615,0
3,Oracle,-2.9695439222655318,-6.2282868132748614,0.28919896874379747,0.07409506796886348,0
3,Naive,-2.172642472103949,-4.601900687106351,0.25661574289845346,0.07961533821857408,0
3,StdRC,-3.621455963487817,-7.670650325896155,0.4277383989205199,0.07961533821857399,0
3,GRC,-3.021435607230109,-6.54073741692424,0.4978662024640217,0.09243451267572665,0
3,Bayesian,-1.6998778276658884,-3.7687663775,0.2787231382500003,0.096,0
4,Oracle,0.18559725589968434,-2.4038233743489332,2.7750178861483024,0.8882801044946125,0
4,Naive,0.11352488653224807,-2.1274847943745105,2.3545345674390066,0.9209098469519873,0
4,StdRC,0.17263902494274652,-3.2352985473101734,3.580576597195666,0.9209098469519872,0
4,GRC,0.06668232471459679,-3.0200075251422427,3.153372174571436,0.966226494595376,0
4,Bayesian,-0.9157096347231175,-2.93767233,0.919031912750001,0.3575,0
5,Oracle,-0.545558951825776,-2.9984485872005218,1.90733068354897,0.6628911510561935,0
5,Naive,-1.1925750998580897,-3.139893993510462,0.7547437937942827,0.230015398198287,0
5,StdRC,-1.5968638475365269,-4.204333298532381,1.0106056034593276,0.230015398198287,0
5,GRC,-1.1001263471197489,-3.464437460857196,1.2641847666176984,0.36177845125724906,0
5,Bayesian,-1.53257290879925,-3.1167735574999997,0.01401476082500016,0.054,0
6,Oracle,-0.6596263076405797,-3.128489907176224,1.8092372918950648,0.6005154096255177,0
6,Naive,-0.7387929089445922,-2.662554548302305,1.1849687304131205,0.45163267582611266,0
6,StdRC,-1.0834288096624787,-3.9045966332426314,1.7377390139176738,0.45163267582611244,0
6,GRC,-1.0303476222264247,-3.5963578497193716,1.5356626052665219,0.4312831934175656,0
6,Bayesian,-1.3505401966587767,-2.999412935,0.15186941700000042,0.0855,0
7,Oracle,-1.0810004267652875,-3.4177160245522336,1.2557151710216585,0.36456051249692933,0
7,Naive,-1.4005488166520375,-3.4239768123508805,0.6228791790468053,0.1749016140907307,0
7,StdRC,-1.8930480938158154,-4.628009178134031,0.8419129905024003,0.1749016140907307,0
7,GRC,-1.8880811585589345,-4.525771943533709,0.7496096264158396,0.16062917344489214,0
7,Bayesian,-1.34227251935545,-3.1709839575000003,0.4234612235000005,0.135,0
8,Oracle,-1.404600613460757,-3.5995322413493938,0.7903310144278797,0.20975551832018152,0
8,Naive,-1.9468978348074757,-4.123146683549594,0.22935101393464286,0.07953219611507577,0
8,StdRC,-2.994373645084554,-6.341494424261651,0.35274713409254277,0.07953219611507573,0
8,GRC,-2.9165537682747806,-6.166931239568957,0.33382370301939535,0.07863362819136491,0
8,Bayesian,-1.937182830128,-3.7558588625000002,-0.20570244499999998,0.0245,0
9,Oracle,2.3579251261710805,-0.7724802371953308,5.488330489537492,0.1398607265302419,0
9,Naive,1.1213606304819375,-1.6042300236592362,3.846951284623111,0.4200312496820978,0
9,StdRC,1.8048222297479697,-2.5819972002092992,6.191641659705239,0.4200312496820974,0
9,GRC,1.8002539369841,-2.0869208408885482,5.687428714856749,0.3640307166250283,0
9,Bayesian,-0.9714000348770649,-3.0317819925,0.9112757510000004,0.3265,0
10,Oracle,-0.5806350405833539,-3.0327864021604722,1.8715163209937642,0.6425818512578757,0
10,Naive,-0.9797582815393145,-3.0140450714829594,1.0545285084043305,0.3451886856587282,0
10,StdRC,-1.4075871580648593,-4.330181450247692,1.5150071341179734,0.3451886856587282,0
10,GRC,-1.0818879050495527,-3.6464575449104024,1.482681734811297,0.40833381837807925,0
10,Bayesian,-1.3243616179293252,-3.1262547275,0.3763918807500023,0.1305,0
11,Oracle,-0.4806434334851705,-3.607075122707353,2.645788255737012,0.7631735588266599,0
11,Naive,-0.18464851967129467,-2.3415571085140283,1.9722600691714391,0.8667496729720583,0
11,StdRC,-0.2510928014609021,-3.1841475642703396,2.6819619613485357,0.8667496729720582,0
11,GRC,-0.4914626000577453,-3.278535128427748,2.295609928312258,0.7296334404671572,0
11,Bayesian,-1.3639431533456488,-3.1574384749999997,0.3165208760000003,0.1215,0
12,Oracle,0.9069569363342007,-1.328695652539489,3.1426095252078907,0.42654608373869485,0
12,Naive,1.3880416976521726,-0.7562654540112945,3.53234884931564,0.20454321502636413,0
12,StdRC,2.125736497515887,-1.1581936480161015,5.409666643047876,0.20454321502636422,0
12,GRC,1.7490137660488445,-1.2337377281295003,4.731765260227189,0.25044229013155317,0
12,Bayesian,-0.09365819957153226,-1.9079477125,1.5882454275000002,0.917,0
13,Oracle,0.18516898836484516,-2.066347042495992,2.436685019225682,0.8719428197701747,0
13,Naive,-0.18329584349942735,-2.3470919983452836,1.9805003113464288,0.8681340045431917,0
13,StdRC,-0.2707825470965603,-3.4673538551018925,2.9257887609087723,0.8681340045431919,0
13,GRC,-0.37810978849420235,-3.19941865436033,2.4431990773719257,0.79280265531845,0
13,Bayesian,-1.1480796983297026,-2.8990020825,0.5717497260000003,0.1975,0
14,Oracle,0.1084700313467535,-2.476995620865614,2.6939356835591215,0.934465504877246,0
14,Naive,-0.9172187466005285,-3.1852716029133976,1.3508341097123404,0.4279962579972456,0
14,StdRC,-1.4210770861152986,-4.935045761690464,2.0928915894598665,0.4279962579972456,0
14,GRC,-1.249026405649888,-4.254957018412214,1.7569042071124379,0.4154126227278897,0
14,Bayesian,-1.14218851803335,-2.7990757774999997,0.4616072792500002,0.1615,0
15,Oracle,-1.1115843973547537,-2.9963173190647083,0.7731485243552012,0.24769979399316547,0
15,Naive,-0.9031614695239119,-2.53168638218379,0.7253634431359663,0.2770483779520263,0
15,StdRC,-1.1430357575471235,-3.204087153160567,0.9180156380663198,0.2770483779520263,0
15,GRC,-1.0531635803676704,-2.916442963369286,0.8101158026339452,0.26794314923002105,0
15,Bayesian,-1.4847851986915248,-2.9105346500000002,-0.16565833449999912,0.0235,0
16,Oracle,-0.897667430049388,-2.946161353971752,1.1508264938729762,0.3904106648836335,0
16,Naive,-0.4184887043898691,-2.3031956527221826,1.4662182439424445,0.6634179077652345,0
16,StdRC,-0.5578697665601279,-3.0702936725609056,1.9545541394406496,0.6634179077652347,0
16,GRC,-0.48635508011805356,-2.8451164157412983,1.872406255505191,0.6861195499506184,0
16,Bayesian,-0.9756456224855774,-2.7072023874999998,0.6482197957500001,0.2385,0
17,Oracle,-2.0309384788570704,-5.539035147145592,1.4771581894314507,0.2565095221715037,0
17,Naive,-1.215307419174137,-3.462726164594309,1.0321113262460349,0.28920636406921885,0
17,StdRC,-1.6474173415537927,-4.693919450011462,1.399084766903877,0.2892063640692186,0
17,GRC,-1.667120368490396,-4.502752763514528,1.168512026533736,0.249198299186223,0
17,Bayesian,-1.610215323772875,-3.4276368949999996,0.1347203415000003,0.069,0
18,Oracle,-2.961393201478459,-5.277459552818437,-0.6453268501384812,0.012208150507547626,0
18,Naive,-1.0535941307190146,-2.765489835457764,0.6583015740197349,0.2277138246470573,0
18,StdRC,-1.4035128547308875,-3.683961803245579,0.876936093783804,0.2277138246470573,0
18,GRC,-1.3214969897225124,-3.4568630411210384,0.8138690616760138,0.22514996645533134,0
18,Bayesian,-1.2455285308668351,-2.7909566499999996,0.28225005850000034,0.115,0
19,Oracle,0.8411306484012975,-1.6586486422292508,3.340909939031846,0.5095795392383838,0
19,Naive,0.559572964319218,-1.629025296569743,2.748171225208179,0.6162890848519802,0
19,StdRC,0.8555644147140447,-2.4907137465257976,4.201842575953886,0.6162890848519802,0
19,GRC,0.7082808026169021,-2.3578973652844586,3.7744589705182627,0.650730486098156,0
19,Bayesian,-0.29584712089745746,-2.266224495,1.6230502225000003,0.7505,0
20,Oracle,-3.795599362783148,-6.3439750414264084,-1.2472236841398878,0.0035092225957288436,0
20,Naive,-2.743883016878623,-4.734291698621194,-0.7534743351360516,0.006894171607544247,0
20,StdRC,-3.779617616750564,-6.521346645200713,-1.0378885883004152,0.006894171607544261,0
20,GRC,-3.5912187212308018,-6.0002554452313355,-1.1821819972302685,0.0034804468854191632,0
20,Bayesian,-2.369494846046975,-4.0209311675,-0.82688658725,0.002,0
21,Oracle,-1.2470892323755616,-3.3452155345576298,0.8510370698065064,0.24403195019836105,0
21,Naive,-1.6346412460256086,-3.6249935820019603,0.35571108995074296,0.10746689694057689,0
21,StdRC,-2.126584247110783,-4.715930340131826,0.4627618459102596,0.1074668969405769,0
21,GRC,-2.1699060280351365,-4.621413054130921,0.2816009980606471,0.08277166296281523,0
21,Bayesian,-1.68457312504231,-3.2062905625,-0.27381917824999963,0.021,0
22,Oracle,-0.03231351122814706,-2.306063026369809,2.2414360039135146,0.9777784919145629,0
22,Naive,-0.3155014490897055,-2.274943710109552,1.6439408119301409,0.7523171792131961,0
22,StdRC,-0.430903464312286,-3.107057443412665,2.2452505147880926,0.7523171792131963,0
22,GRC,-0.22125322305780626,-2.6740558988909537,2.231549452775341,0.8596677834668329,0
22,Bayesian,-0.7725442965173175,-2.4401740375,0.86448161675,0.3515,0
23,Oracle,-1.8077237495132001,-4.200350714686962,0.584903215660562,0.1386519186008654,0
23,Naive,-1.748963753998309,-3.6495599774222685,0.15163246942565056,0.0712948103732625,0
23,StdRC,-2.3289006447766067,-4.859713396083242,0.20191210653002845,0.07129481037326264,0
23,GRC,-2.20968738378802,-4.514779689136597,0.09540492156055702,0.060265865750981085,0
23,Bayesian,-1.3839920346314025,-3.090335355,0.20650311950000014,0.087,0
24,Oracle,-4.535754731235473,-7.804731223421012,-1.2667782390499336,0.006538466558203827,0
24,Naive,-3.4625163362849727,-5.9933033424622515,-0.9317293301076943,0.007328408978848359,0
24,StdRC,-5.74833225372275,-9.949844437928071,-1.5468200695174286,0.007328408978848352,0
24,GRC,-3.910766632675019,-6.92395868793985,-0.8975745774101882,0.010965345353034055,0
24,Bayesian,-2.6999959077835003,-4.8265880625,-0.8280411974999999,0.003,0
25,Oracle,-0.8382775757828795,-2.801549218391946,1.124994066826187,0.40266830278254495,0
25,Naive,-0.4748430027154344,-2.0932935075110937,1.143607502080225,0.5652636576597151,0
25,StdRC,-0.6309871587935281,-2.7816379630151618,1.5196636454281054,0.565263657659715,0
25,GRC,-0.5469069450937413,-2.629914645999324,1.5361007558118414,0.6068318428967863,0
25,Bayesian,-0.9412844035113501,-2.53871121,0.6286699862500001,0.2385,0
26,Oracle,-1.6321509801527228,-3.9995927462180116,0.7352907859125661,0.17662192957838058,0
26,Naive,-0.5518639189241401,-2.366083993554016,1.262356155705736,0.551043320392625,0
26,StdRC,-0.762078085109573,-3.2673648288717314,1.7432086586525855,0.551043320392625,0
26,GRC,-0.7952623935743651,-3.172066605464294,1.5815418183155634,0.5119589223827448,0
26,Bayesian,-0.902344208956785,-2.580172345,0.6400732925000001,0.2685,0
27,Oracle,-3.632875121189288,-6.215750231018745,-1.0500000113598307,0.005838149380423093,0
27,Naive,-2.4466060531570744,-4.529309037150659,-0.3639030691634897,0.021311423932357083,0
27,StdRC,-3.4135905352619873,-6.31945075119188,-0.5077303193320941,0.021311423932357118,0
27,GRC,-3.0148537666097885,-5.6811404845001885,-0.34856704871938815,0.026678316841384424,0
27,Bayesian,-2.14978195370075,-3.88641629,-0.48398207274999966,0.014,0
28,Oracle,-1.1994200992645085,-3.356036710874705,0.9571965123456878,0.2756910666052418,0
28,Naive,0.5374356813160456,-1.3135268160162568,2.3883981786483477,0.5692986089278547,0
28,StdRC,0.783417456315009,-1.9147218407329145,3.4815567533629324,0.5692986089278542,0
28,GRC,0.5958650132444054,-2.013419932830842,3.205149959319653,0.6544535154834156,0
28,Bayesian,0.027653168401549997,-1.6666674025,1.6610234750000008,0.971,0
29,Oracle,1.2343811291258582,-1.3543278707535433,3.8230901290052595,0.350007399143199,0
29,Naive,3.1353005288050317,0.5011343534089705,5.769466704201093,0.01965678566380441,0
29,StdRC,6.058194037714562,0.968318387351939,11.148069688077186,0.01965678566380437,0
29,GRC,5.279707571166849,0.7840047036048725,9.775410438728827,0.02134861437631038,0
29,Bayesian,-0.6526094615499044,-2.72458341,1.469691875,0.55,0
30,Oracle,-1.2345841877831587,-3.5258356813022314,1.056667305735914,0.29093253089702614,0
30,Naive,-2.414695484189622,-4.469443003639565,-0.3599479647396788,0.021261525783010212,0
30,StdRC,-3.0591917461028384,-5.6623633232162565,-0.4560201689894199,0.021261525783010212,0
30,GRC,-3.00913370391323,-5.494155764808005,-0.5241116430184563,0.017628193328014873,0
30,Bayesian,-1.9571771469979502,-3.5785033575000003,-0.4091030359999996,0.013,0
31,Oracle,0.3094008896792591,-2.0920412530101413,2.71084303236866,0.8006383748750698,0
31,Naive,-0.5241781843536464,-2.6843273426575633,1.6359709739502708,0.6343582462169086,0
31,StdRC,-0.847166203985843,-4.338355683265845,2.644023275294159,0.6343582462169088,0
31,GRC,-0.9995101570845732,-4.23718107551118,2.2381607613420336,0.5451352841620785,0
31,Bayesian,-0.7599341797536949,-2.3596994049999998,0.8119870155000002,0.3355,0
32,Oracle,-0.21162560837041222,-2.3170053822540977,1.8937541655132735,0.843820566660419,0
32,Naive,-0.3879765320417182,-2.047818116284629,1.2718650522011923,0.6468604298514482,0
32,StdRC,-0.5037080646599886,-2.658672406552879,1.651256277232902,0.6468604298514486,0
32,GRC,-0.486060225150201,-2.4592981241240115,1.4871776738236093,0.6292444883008801,0
32,Bayesian,-0.8710276533251363,-2.4046109475,0.5912558695000005,0.245,0
33,Oracle,-3.182303568940213,-5.614492461106967,-0.7501146767734586,0.010334270216191732,0
33,Naive,-2.6322447301558434,-4.777992172789739,-0.486497287521948,0.01620172852244525,0
33,StdRC,-3.5046962775936743,-6.361646844804012,-0.6477457103833362,0.01620172852244525,0
33,GRC,-3.0677398194359506,-5.642707343553236,-0.49277229531866507,0.019541181266028253,0
33,Bayesian,-2.0735021725900995,-3.66525225,-0.5036679052499995,0.0105,0
34,Oracle,0.5408713257460097,-2.0242515763584135,3.105994227850433,0.6794088136023475,0
34,Naive,0.6803113978156949,-1.1825134144176694,2.5431362100490595,0.4741228628275588,0
34,StdRC,0.9364481739463146,-1.6277289064300633,3.5006252543226926,0.4741228628275588,0
34,GRC,1.0529896021212184,-1.3385771540045437,3.4445563582469805,0.38816055229399227,0
34,Bayesian,0.40682876995323,-1.3359705899999998,2.0262055825000007,0.6215,0
35,Oracle,-0.9770863254944672,-2.791625976338428,0.8374533253494939,0.2912452294695178,0
35,Naive,-1.3507393959039862,-3.0016108796765506,0.30013208786857826,0.10879382621247649,0
35,StdRC,-1.7696502710280366,-3.932513942251143,0.39321340019506956,0.10879382621247692,0
35,GRC,-1.5976627953020321,-3.581721063201745,0.38639547259768103,0.11450569025968514,0
35,Bayesian,-1.304332594250725,-2.73888116,0.04207508902500011,0.059,0
36,Oracle,-3.8262708053730456,-6.860376122522396,-0.7921654882236946,0.01344779050435042,0
36,Naive,-0.9543841961679922,-3.7843296790771,1.8755612867411156,0.5086203158427773,0
36,StdRC,-1.908654877239299,-7.56820924744288,3.7508994929642814,0.5086203158427773,0
36,GRC,-1.962253007227484,-6.935785399929616,3.011279385474648,0.43935525068307557,0
36,Bayesian,-1.3740315357206676,-3.4578188225,0.6806864142500008,0.175,0
37,Oracle,-0.5956865927146835,-2.577344674475162,1.3859714890457953,0.5557503618616866,0
37,Naive,-1.0293010666153786,-2.79855529866509,0.7399531654343328,0.2541819545081393,0
37,StdRC,-1.341445759253805,-3.6472420550151416,0.9643505365075318,0.2541819545081394,0
37,GRC,-1.345706359478971,-3.5494654850858938,0.8580527661279513,0.23137088300329578,0
37,Bayesian,-1.3318608322588,-2.863349165,0.13756284725000018,0.0785,0
38,Oracle,0.1804738268824458,-1.6857831302096953,2.0467307839745867,0.8496730270996661,0
38,Naive,0.2810422477808509,-1.3460686077655275,1.9081531033272294,0.7349606534348712,0
38,StdRC,0.36798496125792096,-1.7624859194314049,2.498455841947247,0.7349606534348714,0
38,GRC,0.3017103350460154,-1.6981592902077391,2.3015799602997697,0.7674668572755811,0
38,Bayesian,-0.1833521699670175,-1.66799772,1.2183667250000003,0.822,0
39,Oracle,-3.198167530646585,-5.25487693099031,-1.1414581303028597,0.0023057765619469224,0
39,Naive,-2.2671746803224946,-3.886583353059513,-0.6477660075854763,0.006070429307769192,0
39,StdRC,-2.770687170469314,-4.7497472191908185,-0.7916271217478095,0.006070429307769219,0
39,GRC,-2.543193404278728,-4.371380598276846,-0.7150062102806098,0.006400835128665341,0
39,Bayesian,-1.968245781481925,-3.2757088000000003,-0.6382778199999999,0.0025,0
40,Oracle,-1.4965345552004528,-3.8675496092771198,0.8744804988762143,0.21605448339090946,0
40,Naive,-1.7190297922760973,-3.9734260070225442,0.5353664224703494,0.13504019284735402,0
40,StdRC,-2.2289752502744236,-5.152131899193688,0.6941813986448411,0.13504019284735455,0
40,GRC,-2.368086218214114,-5.117976277880076,0.3818038414518483,0.091442696652203,0
40,Bayesian,-1.5447822390006674,-3.4774911975,0.16921821750000215,0.088,0
41,Oracle,-1.4861898783510983,-4.219112684435048,1.2467329277328518,0.2864926350862048,0
41,Naive,0.2980364147185348,-1.7775012754980426,2.3735741049351122,0.778372457288638,0
41,StdRC,0.4762951060661723,-2.8406433467052628,3.793233558837607,0.7783724572886378,0
41,GRC,-0.19202960659460916,-3.1902396604208656,2.8061804472316476,0.9001024436491747,0
41,Bayesian,-0.6202576676858602,-2.6308342175,1.136169977500001,0.5445,0
42,Oracle,-6.201436099201011,-9.993915098006848,-2.4089571003951735,0.001351000726431043,0
42,Naive,-3.4640949739050066,-5.8895989365831,-1.038591011226913,0.005122738786172389,0
42,StdRC,-4.649166754856334,-7.904439047331454,-1.3938944623812133,0.0051227387861724,0
42,GRC,-4.157384825613092,-7.05987512102049,-1.2548945302056937,0.004994995401893877,0
42,Bayesian,-2.7970436600370006,-4.63098333,-1.1062860549999995,0.0005,0
43,Oracle,-0.8655786729132675,-2.9036333883303556,1.1724760425038205,0.405175926243342,0
43,Naive,-0.21131002745022068,-1.9867515003474778,1.5641314454470365,0.8155505232341539,0
43,StdRC,-0.2944848961687584,-2.7687673715852372,2.17979757924772,0.8155505232341539,0
43,GRC,-0.2302607226386692,-2.4798791687990636,2.019357723521725,0.8410011859091422,0
43,Bayesian,-0.9845936071336157,-2.5597970825000003,0.5092091657500001,0.198,0
44,Oracle,0.9552430167639845,-2.4497470619297266,4.360233095457696,0.5824206262760485,0
44,Naive,-3.971202477740451,-7.549983571836242,-0.3924213836446606,0.029639227202180617,0
44,StdRC,-6.977918131149628,-13.266300963272414,-0.6895352990268426,0.029639227202180617,0
44,GRC,-5.1379194225634865,-10.541557762847077,0.26571891772010403,0.06238006639714699,0
44,Bayesian,-2.40522275662175,-4.447020555,-0.4006033709999998,0.014,0
45,Oracle,-0.09882297335599427,-2.1872379503373853,1.989592003625397,0.9261063662586015,0
45,Naive,-0.29237218679303995,-2.2279003312392778,1.643155957653198,0.7671816985400116,0
45,StdRC,-0.43187122827332025,-3.290894606209335,2.427152149662694,0.7671816985400114,0
45,GRC,-0.11842255433110016,-2.576441475473864,2.339596366811663,0.9247697784549826,0
45,Bayesian,-1.0503051165264643,-2.5696454575,0.42963932925,0.16,0
46,Oracle,-1.3358857514687648,-4.056542277520675,1.3847707745831461,0.33586198020365937,0
46,Naive,0.06069671839050665,-2.1111718919996485,2.232565328780662,0.9563179821217115,0
46,StdRC,0.09295732955080852,-3.233270372879178,3.419185031980795,0.9563179821217116,0
46,GRC,-0.037317403698088066,-3.058777691736499,2.9841428843403226,0.9806874211705713,0
46,Bayesian,-0.9800853588451851,-2.921562195,0.8393782972500005,0.301,0
47,Oracle,-1.725091496200772,-4.122764650004905,0.6725816576033612,0.1584906674905569,0
47,Naive,-1.8297489557008055,-3.7441409909502834,0.08464307954867256,0.06102614413401531,0
47,StdRC,-2.7611576845818715,-5.650044852934906,0.12772948377116355,0.06102614413401526,0
47,GRC,-2.098723808584889,-4.563395710113338,0.3659480929435599,0.09512657294034207,0
47,Bayesian,-1.6801619992327002,-3.376105035,-0.08836131717499998,0.0345,0
48,Oracle,-0.5944674169678682,-3.496085526008859,2.307150692073123,0.688017776640373,0
48,Naive,-1.0856057623569177,-3.4330562521698202,1.2618447274559847,0.3647198741678708,0
48,StdRC,-1.5421989138967285,-4.876959764793505,1.7925619370000483,0.36471987416787066,0
48,GRC,-1.4794051761534794,-4.695166664103519,1.7363563117965601,0.3672280294057998,0
48,Bayesian,-1.7819478107014601,-3.4866810075,-0.052295972999999954,0.043,0
49,Oracle,-0.20295647520978163,-2.7404695702007094,2.334556619781146,0.8754318773145788,0
49,Naive,-0.3927129306098829,-2.502587596192822,1.7171617349730561,0.7152533023425034,0
49,StdRC,-0.5276924852372956,-3.3627532103619173,2.307368239887326,0.7152533023425034,0
49,GRC,-0.38263913513323244,-2.9019746218083298,2.136696351541865,0.7659464592545855,0
49,Bayesian,-1.453400584705775,-3.1913158950000002,0.1783671337500005,0.087,0
50,Oracle,-4.56628358242925,-7.947792483915536,-1.1847746809429642,0.008128769733085883,0
50,Naive,-3.388471540125907,-6.1011898321929126,-0.6757532480589017,0.014357116358651433,0
50,StdRC,-4.905487329020766,-8.83268726307808,-0.9782873949634516,0.014357116358651462,0
50,GRC,-4.44680327835241,-7.921664488652619,-0.9719420680522011,0.012135513894703714,0
50,Bayesian,-2.445369627226325,-4.2992824225,-0.71855129275,0.006,0
51,Oracle,-0.25932515551041924,-2.9896851921893277,2.4710348811684892,0.8523238458798454,0
51,Naive,-1.3051443432556917,-3.855962267577685,1.2456735810663013,0.3159430488113177,0
51,StdRC,-2.0400761366042652,-6.027269432979938,1.9471171597714072,0.31594304881131774,0
51,GRC,-2.3524974771420264,-6.0074843417242425,1.3024893874401897,0.20712438615200718,0
51,Bayesian,-1.16974888363627,-3.1404308574999997,0.6242706607500003,0.2195,0
52,Oracle,-1.583081708767703,-3.478761220925465,0.3125978033900594,0.1016794428890148,0
52,Naive,-1.4659226320835457,-2.993330243652145,0.061484979485053826,0.05996284902728081,0
52,StdRC,-1.752105381646831,-3.577699064168785,0.07348830087512281,0.059962849027280794,0
52,GRC,-1.6369212538267977,-3.3583705775504678,0.08452806989687223,0.06236045010263138,0
52,Bayesian,-1.723130225415175,-3.0914877874999998,-0.40404385924999997,0.0085,0
53,Oracle,-3.14583579926088,-5.908267707335712,-0.38340389118604756,0.025615516834870535,0
53,Naive,-0.2753252906292662,-2.5608584928238876,2.0102079115653555,0.8133505705060444,0
53,StdRC,-0.4452040565254864,-4.140936659277421,3.250528546226448,0.8133505705060445,0
53,GRC,-0.7906778574906748,-4.041432840226769,2.4600771252454203,0.6335614734586874,0
53,Bayesian,-1.0379590305287525,-2.9782266324999997,0.8013856100000001,0.2935,0
54,Oracle,-1.7779573466434988,-4.222167599374692,0.6662529060876945,0.15395237998088915,0
54,Naive,-0.272905528789149,-2.007443319622095,1.4616322620437971,0.7577983553711062,0
54,StdRC,-0.37989972824949775,-2.794473146016479,2.0346736895174837,0.7577983553711064,0
54,GRC,-0.31699580629819907,-2.552077253705697,1.9180856411092988,0.7810303140086113,0
54,Bayesian,-1.0382394164112951,-2.7385120675000003,0.5533291185000002,0.201,0
55,Oracle,-0.043905476591382255,-2.30875524856408,2.220944295381315,0.9696916031801862,0
55,Naive,-0.23156628432648463,-1.9875032454100343,1.5243706767570653,0.79604219902018,0
55,StdRC,-0.3164573270819491,-2.7161120041222895,2.083197349958391,0.7960421990201805,0
55,GRC,-0.38224650685346834,-2.6918728244774432,1.9273798107705065,0.7456527188030682,0
55,Bayesian,-0.829522175427425,-2.623172995,0.8174523015000004,0.348,0
56,Oracle,-0.449011142403164,-2.866723814523516,1.9687015297171881,0.7158585483090922,0
56,Naive,0.2614844903194834,-1.681491979582224,2.2044609602211906,0.7919566449553721,0
56,StdRC,0.3450302617565295,-2.2187381635825094,2.908798687095569,0.7919566449553719,0
56,GRC,0.4175319835738681,-1.9789493244228207,2.8140132915705567,0.7327431340144861,0
56,Bayesian,-0.89863312370585,-2.7529939675,0.8531752255000006,0.342,0
57,Oracle,0.20972543542922617,-2.3864644633514036,2.805915334209856,0.8741969052430473,0
57,Naive,-0.01766526819740583,-2.034693437571708,1.9993629011768965,0.9863045881486897,0
57,StdRC,-0.022798851584896265,-2.6259818523882306,2.580384149218438,0.9863045881486894,0
57,GRC,-0.07612397955128572,-2.510548541817779,2.3583005827152075,0.9511300942056216,0
57,Bayesian,-0.5415039615218175,-2.125851005,0.9968581525000004,0.5075,0
58,Oracle,0.5406839063056761,-2.211989621216545,3.2933574338278966,0.7002531138482244,0
58,Naive,-0.299673477862761,-3.0171567878509933,2.417809832125471,0.8288808063921437,0
58,StdRC,-0.4131760247830345,-4.159917175994897,3.3335651264288275,0.8288808063921442,0
58,GRC,-0.8195198375993338,-4.478757751778765,2.8397180765800973,0.6606964029841372,0
58,Bayesian,-1.3815134940122251,-3.344401205,0.5560970560000015,0.172,0
59,Oracle,-0.6215339487476907,-2.5924624296198946,1.349394532124513,0.5365250535691934,0
59,Naive,-0.414342271948217,-1.9214869380374189,1.0928023941409848,0.5900036256749777,0
59,StdRC,-0.5347188802806561,-2.479726094926859,1.4102883343655472,0.5900036256749775,0
59,GRC,-0.5570318871223762,-2.4133900296413726,1.29932625539662,0.5564513569459639,0
59,Bayesian,-0.5834277372918725,-2.0060126124999997,0.7764880492500001,0.414,0
60,Oracle,1.5252889497310946,-0.7056245414813997,3.7562024409435892,0.18023261880459548,0
60,Naive,0.8784595482070381,-0.9763738341239838,2.73329293053806,0.3532779066815307,0
60,StdRC,1.1521042513392665,-1.280519344899359,3.5847278475778923,0.35327790668153103,0
60,GRC,1.0979585903273958,-1.2307596408572044,3.426676821511996,0.35543631537802167,0
60,Bayesian,-0.214644291657785,-1.8882965999999999,1.4220239075,0.809,0
61,Oracle,0.48941349501173936,-1.8071737987973315,2.7860007888208105,0.6761829300292876,0
61,Naive,1.1079431489684168,-1.1611190404751799,3.3770053384120136,0.33855921293735697,0
61,StdRC,1.7130444045271376,-1.7952622182175033,5.221351027271778,0.33855921293735686,0
61,GRC,1.5355960908141595,-1.8259257703896068,4.8971179520179255,0.3706040841877395,0
61,Bayesian,-0.38206565740307,-2.125658475,1.3377086325,0.664,0
62,Oracle,-0.5854634614475842,-2.9485633036454697,1.777636380750301,0.6272609949832284,0
62,Naive,-0.8760263423338034,-2.4256013803118024,0.6735486956441955,0.2678476194084815,0
62,StdRC,-1.2812211405292702,-3.547532324967782,0.9850900439092414,0.26784761940848145,0
62,GRC,-0.8567929732338526,-2.909696750745931,1.1961108042782258,0.41335493993010186,0
62,Bayesian,-1.1278032089121999,-2.5624254225,0.24531294875000012,0.106,0
63,Oracle,-0.07221520179616484,-2.619092754999226,2.474662351406896,0.9556814835459846,0
63,Naive,0.09269496953561679,-2.0348544794299324,2.2202444185011663,0.9319485949263782,0
63,StdRC,0.13660345232506713,-2.998740365974786,3.2719472706249206,0.9319485949263784,0
63,GRC,0.12259142223859214,-2.6341656994803433,2.8793485439575273,0.9305455384296799,0
63,Bayesian,-1.069523891441375,-2.8685065025,0.6046123962500002,0.236,0
64,Oracle,-2.687158179553081,-4.964199856446001,-0.4101165026601614,0.020724188035113833,0
64,Naive,-1.8669059232820584,-3.7463168210127176,0.012504974448600548,0.05154396235519533,0
64,StdRC,-2.453734230624999,-4.923904149559175,0.016435688309177188,0.05154396235519528,0
64,GRC,-2.24547339007817,-4.546367614441897,0.055420834285557774,0.055779422216758426,0
64,Bayesian,-1.720664913336175,-3.3783490400000002,-0.159983364,0.029,0
65,Oracle,-2.9557196582525638,-6.105461713078305,0.19402239657317732,0.06588117725233208,0
65,Naive,-2.5247252402036753,-5.368292977144387,0.3188424967370369,0.08182427812416382,0
65,StdRC,-3.689149805527584,-7.844194955269526,0.46589534421435763,0.0818242781241638,0
65,GRC,-3.3847986358829005,-7.084054844141676,0.3144575723758751,0.07291601384072358,0
65,Bayesian,-2.566186793790175,-4.6371180925,-0.5729134439999999,0.0075,0
66,Oracle,-0.46057056305668387,-2.5748915483366046,1.6537504222232366,0.6694183743105915,0
66,Naive,0.1441765551047129,-1.7696180829817838,2.0579711931912095,0.8826152498931834,0
66,StdRC,0.1890356465510995,-2.320217029891049,2.698288322993248,0.8826152498931839,0
66,GRC,0.19204965130524207,-2.2446417325326444,2.6287410351431286,0.8772344133646769,0
66,Bayesian,-0.29178975959784,-2.0233590925,1.2677984275,0.7655,0
67,Oracle,-1.3117713244058398,-3.8273785152958393,1.2038358664841597,0.30676697745385656,0
67,Naive,-1.1108565654165785,-3.1691900523143546,0.9474769214811976,0.29016132157406294,0
67,StdRC,-1.7702455060815838,-5.0503769997741035,1.5098859876109358,0.2901613215740628,0
67,GRC,-1.703855512301853,-4.712940158676607,1.3052291340729003,0.26708331449603506,0
67,Bayesian,-1.49717220023245,-3.4372125125,0.21914465550000012,0.094,0
68,Oracle,-1.6288948150042306,-4.2060092416710795,0.9482196116626178,0.21541298793965685,0
68,Naive,0.45546673207261706,-1.6342661168271553,2.5451995809723895,0.6692460273545151,0
68,StdRC,0.72451281156114,-2.5996338607509357,4.048659483873216,0.6692460273545153,0
68,GRC,0.3300409676915929,-2.5435640222498788,3.2036459576330647,0.8218960865109713,0
68,Bayesian,-0.8852117831365424,-2.7434568274999998,0.8466386735000002,0.331,0
69,Oracle,-0.03335269672657548,-2.709719006727753,2.643013613274602,0.9805136556607812,0
69,Naive,0.0011386714925379294,-1.8593233107219804,1.8616006537070562,0.9990428815314731,0
69,StdRC,0.0015411327680651045,-2.5164976021265817,2.5195798676627117,0.9990428815314734,0
69,GRC,0.23961341712483972,-2.25134382779407,2.7305706620437498,0.8504569530102633,0
69,Bayesian,-0.338384450589356,-2.1108138175,1.3955756300000004,0.7035,0
70,Oracle,-0.7848065496187407,-3.394893883208994,1.8252807839715124,0.555642543990616,0
70,Naive,-0.004112956306379943,-2.29981695033307,2.29159103772031,0.9971982752537064,0
70,StdRC,-0.00668507171962009,-3.7380511996022805,3.7246810561630403,0.9971982752537065,0
70,GRC,-0.2237695138590792,-3.665421193061681,3.217882165343523,0.8985976553278281,0
70,Bayesian,-1.2567534628670025,-3.27608519,0.5516456652500004,0.186,0
71,Oracle,-1.3087807900054702,-4.284037852253439,1.6664762722424984,0.3885965960124944,0
71,Naive,-1.6996687980009493,-3.737942711064748,0.3386051150628493,0.10218160620989693,0
71,StdRC,-2.3467135904145646,-5.160935454344798,0.46750827351566837,0.10218160620989718,0
71,GRC,-1.901229497710944,-4.535234481008917,0.7327754855870288,0.1571548605682335,0
71,Bayesian,-2.0049774648677503,-3.7992417475,-0.23943956124999974,0.0275,0
72,Oracle,-0.4838472534680529,-3.3774285486579645,2.409734041721859,0.7431132591692807,0
72,Naive,0.07435284689130872,-1.9761721270488875,2.124877820831505,0.943342784801777,0
72,StdRC,0.09868485461822706,-2.622875481062562,2.8202451902990155,0.9433427848017771,0
72,GRC,0.11362239641275435,-2.4449579877369074,2.6722027805624164,0.9306406592283043,0
72,Bayesian,-0.5987026115017849,-2.10910942,0.847538216,0.435,0
73,Oracle,-0.3309920667282959,-2.282608169826151,1.6206240363695592,0.7395813051800375,0
73,Naive,-0.6624587837805521,-2.5081376217165836,1.1832200541554792,0.4817576085852442,0
73,StdRC,-0.9459641568165157,-3.581518350419918,1.6895900367868864,0.48175760858524386,0
73,GRC,-0.7517052383724089,-3.0849773085626078,1.5815668318177902,0.5277545838490005,0
73,Bayesian,-0.8604245619774874,-2.43159744,0.6457954245000004,0.267,0
74,Oracle,-1.3501975278344585,-3.29763974421102,0.597244688542103,0.1741849026098734,0
74,Naive,-0.861586137757599,-2.3156556714159615,0.5924833959007635,0.24550123005030752,0
74,StdRC,-1.073422257417376,-2.885000383922144,0.7381558690873922,0.2455012300503074,0
74,GRC,-0.954506529538026,-2.6311368155907915,0.7221237565147396,0.26450408999752595,0
74,Bayesian,-1.132688956591875,-2.49394853,0.12636982950000009,0.0805,0
75,Oracle,-1.349018694739905,-3.6477249221218067,0.9496875326419965,0.25005144735964296,0
75,Naive,-0.8520014568981512,-3.3241929503958008,1.6201900365994981,0.4993769528290021,0
75,StdRC,-1.3181845686440554,-5.1430661472811465,2.5066970099930352,0.4993769528290021,0
75,GRC,-1.1994099106923177,-4.74293898788518,2.3441191665005454,0.5070702431724359,0
75,Bayesian,-1.1929036069112249,-3.2351797725,0.7574178007500003,0.23,0
76,Oracle,-1.180413517334403,-3.3564802604875172,0.9956532258187112,0.28769671730864343,0
76,Naive,-1.1056296603312026,-3.119871631979392,0.908612311316987,0.28200054469899344,0
76,StdRC,-1.5437223823471977,-4.356083995516113,1.2686392308217176,0.2820005446989936,0
76,GRC,-1.511846283792255,-4.182807455302769,1.1591148877182593,0.26725767162768443,0
76,Bayesian,-1.30416742302272,-3.0443431625,0.26443270950000036,0.1185,0
77,Oracle,-2.844082118827482,-5.389489890659444,-0.2986743469955191,0.028528354122689913,0
77,Naive,-2.1233055613205574,-4.4670177225083005,0.22040659986718536,0.07579133201495948,0
77,StdRC,-3.090596017990794,-6.502006794016111,0.3208147580345231,0.07579133201495943,0
77,GRC,-3.1057974363190217,-6.359301541217175,0.14770666857913195,0.06134742682097117,0
77,Bayesian,-2.251876586006525,-4.1639370675,-0.47132988174999996,0.011,0
78,Oracle,-2.768795480645904,-6.097018772591166,0.5594278112993591,0.1029913384004558,0
78,Naive,-1.468029859857187,-3.759736491460165,0.8236767717457913,0.2092897130742546,0
78,StdRC,-2.1968404120752907,-5.62627592874532,1.2325951045947394,0.2092897130742546,0
78,GRC,-1.9585943357975804,-5.08151680320094,1.1643281316057796,0.2189874594691741,0
78,Bayesian,-1.3715151057598376,-3.0963565550000003,0.30026840100000024,0.1185,0
79,Oracle,-4.183447024767409,-7.31722790105442,-1.049666148480397,0.00888473392168642,0
79,Naive,-1.9156055656744826,-4.2837841172482465,0.4525729858992813,0.1128747485116678,0
79,StdRC,-2.6100074647311944,-5.836644413474617,0.6166294840122282,0.11287474851166726,0
79,GRC,-2.4696049580894184,-5.549796601268504,0.6105866850896668,0.11608044941070207,0
79,Bayesian,-1.939632064191775,-3.876983745,-0.2214399702499999,0.028,0
80,Oracle,-3.7607541772743187,-6.792925460882568,-0.7285828936660699,0.015060855816845353,0
80,Naive,-3.2562211260667486,-6.066703939439762,-0.44573831269373576,0.023158403561549985,0
80,StdRC,-6.232007389727951,-11.61092638310745,-0.8530883963484506,0.023158403561549985,0
80,GRC,-5.479533742165126,-10.061362857937977,-0.8977046263922741,0.01907949616994043,0
80,Bayesian,-1.9718962800974,-3.9799291974999997,0.03090158865000054,0.053,0
81,Oracle,-0.07437284376787574,-2.265391801421847,2.116646113886095,0.9469560179700528,0
81,Naive,0.1366154055738184,-1.647254613292366,1.920485424440003,0.8806846652553809,0
81,StdRC,0.1770680972035394,-2.1350171948787176,2.489153389285796,0.8806846652553811,0
81,GRC,0.3402959600839465,-1.858565544876141,2.539157465044034,0.7616428335406087,0
81,Bayesian,-0.49756697742257494,-1.9783473375,0.9449292320000003,0.5085,0
82,Oracle,-0.4606022699930863,-2.808887125677031,1.8876825856908583,0.7006557568801954,0
82,Naive,0.04037731191836185,-1.735723921041914,1.8164785448786378,0.9644602674976267,0
82,StdRC,0.056095903562460886,-2.4114285240851907,2.5236203312101124,0.9644602674976264,0
82,GRC,0.2516217928174124,-2.127586690069047,2.6308302757038717,0.8357887908914589,0
82,Bayesian,-0.7005178489490449,-2.3053606625,0.7201463107500005,0.3605,0
83,Oracle,-0.02159876655055972,-2.0845653100907007,2.041367776989581,0.9836282750464086,0
83,Naive,0.6997112631276939,-0.9945100371794316,2.3939325634348196,0.4182490742726147,0
83,StdRC,0.9138949868118735,-1.298932552907195,3.126722526530942,0.41824907427261504,0
83,GRC,0.9709457057187629,-1.1551993252125277,3.0970907366500535,0.3707572166637936,0
83,Bayesian,-0.1285963678871178,-1.644151685,1.3160045,0.8785,0
84,Oracle,-1.1095874112673836,-3.379896994988099,1.1607221724533319,0.33810834105355697,0
84,Naive,-0.7127584255026898,-2.4462763057322343,1.0207594547268546,0.42032087470628976,0
84,StdRC,-0.9323883571943972,-3.2000737758190816,1.3352970614302873,0.42032087470628954,0
84,GRC,-0.6839844434161475,-2.7581782767054297,1.3902093898731347,0.5180746613533742,0
84,Bayesian,-1.05554060200248,-2.448922385,0.30661332350000003,0.1205,0
85,Oracle,0.23383253550870672,-2.426704630937443,2.8943697019548567,0.8632333613405231,0
85,Naive,-0.03376127336409881,-2.450529344526039,2.383006797797842,0.9781567258356972,0
85,StdRC,-0.04901907411204007,-3.558002041498427,3.459963893274347,0.978156725835697,0
85,GRC,-0.2111779275701979,-3.3985323225757353,2.97617646743534,0.8966793535110147,0
85,Bayesian,-0.57102577404376,-2.4015632375,1.18974712,0.5405,0
86,Oracle,-0.10376604820910587,-2.150608818911155,1.9430767224929433,0.9208511144889113,0
86,Naive,-0.19340997709835914,-1.954079015235087,1.567259061038369,0.829531416951477,0
86,StdRC,-0.2605271141533817,-2.63218358382815,2.111129355521387,0.8295314169514773,0
86,GRC,-0.2748862067094352,-2.4101050858718605,1.8603326724529898,0.8007906038980419,0
86,Bayesian,-0.83758450189625,-2.5038917499999997,0.69585887275,0.3065,0
87,Oracle,-0.43705414025843103,-3.3584917288900074,2.4843834483731455,0.7693575442454634,0
87,Naive,-0.9555399098434528,-3.4324894780020427,1.5214096583151369,0.4495886996701438,0
87,StdRC,-1.5396374403105708,-5.530684024144895,2.451409143523753,0.44958869967014436,0
87,GRC,-1.2527420118787278,-4.897763663866017,2.392279640108561,0.5005582138769502,0
87,Bayesian,-1.3599404233876675,-3.23919247,0.4802377120000012,0.164,0
88,Oracle,-0.43641505217140886,-2.4183775205170135,1.5455474161741956,0.6660531440220852,0
88,Naive,0.40510375166485924,-1.2706358946086118,2.08084339793833,0.6356326104544552,0
88,StdRC,0.5271883668088239,-1.6535627214866162,2.707939455104264,0.6356326104544552,0
88,GRC,0.6589995669211854,-1.3653065260360477,2.6833056598784184,0.523438909428481,0
88,Bayesian,-0.3344669445855751,-1.848371,1.1209000525000001,0.6745,0
89,Oracle,-1.5648331561700854,-3.3408124370451775,0.2111461247050066,0.08417773492233009,0
89,Naive,-0.8931987242434335,-2.453916549859212,0.6675191013723448,0.26199542733321685,0
89,StdRC,-1.1733338143669392,-3.2235416234201324,0.876873994686254,0.26199542733321696,0
89,GRC,-0.9517482963127842,-2.794066634732227,0.8905700421066586,0.311287356974609,0
89,Bayesian,-1.342698159099235,-2.757970635,0.008691025040000072,0.052,0
90,Oracle,-2.1169570232600137,-4.343627896346451,0.10971384982642407,0.06240720856991074,0
90,Naive,-2.402959392241835,-4.800539608112557,-0.005379176371112848,0.04948820382069472,0
90,StdRC,-3.5490736235336144,-7.090202421600478,-0.007944825466751126,0.049488203820694666,0
90,GRC,-3.094704681034422,-6.17126912236353,-0.018140239705313643,0.04866437603219457,0
90,Bayesian,-2.2169715136404,-4.1257261125,-0.43916761675,0.014,0
91,Oracle,-0.7247313045059773,-3.071554377309628,1.6220917682976734,0.5450036723743723,0
91,Naive,-0.6085240789181704,-2.47114634302104,1.254098185184699,0.5219607456269385,0
91,StdRC,-0.7627016174044342,-3.097243606228186,1.5718403714193179,0.5219607456269384,0
91,GRC,-0.8800194840084213,-3.2351790649043224,1.47514009688748,0.4639535758081603,0
91,Bayesian,-0.9482773271534549,-2.54777369,0.5361609987500001,0.2325,0
92,Oracle,-1.595676882906521,-4.0746453031543854,0.883291537341343,0.20709236951522988,0
92,Naive,-1.6221844247433306,-3.232896441929881,-0.01147240755678025,0.04839038950147522,0
92,StdRC,-2.2233859549395456,-4.4310476867623985,-0.015724223116692748,0.04839038950147517,0
92,GRC,-2.091194704454293,-4.153731858942074,-0.028657549966511375,0.046900642175119155,0
92,Bayesian,-1.5255045744183748,-3.1300060775,-0.11067522924999931,0.031,0
93,Oracle,-1.062616984956109,-3.642864835403929,1.5176308654917112,0.41957025230444,0
93,Naive,-0.5441171431835389,-2.4096145599251075,1.3213802735580296,0.56754516431894,0
93,StdRC,-0.7816799080837928,-3.461657680365124,1.898297864197538,0.5675451643189401,0
93,GRC,-0.5847715689059243,-3.1945193609816895,2.0249762231698405,0.6605360631982814,0
93,Bayesian,-1.1029516698636663,-2.76337463,0.47723531200000024,0.188,0
94,Oracle,-0.8928923044331963,-3.5461722069325594,1.760387598066167,0.5095266823676758,0
94,Naive,-0.9512288946512488,-3.194742570849879,1.2922847815473812,0.40596997581936367,0
94,StdRC,-1.3563075520101284,-4.5552164152462815,1.8426013112260247,0.40596997581936367,0
94,GRC,-1.6359591690875157,-4.58871485437765,1.3167965162026185,0.27751969254550785,0
94,Bayesian,-1.3722754994174775,-3.1036753624999998,0.2260370865,0.1035,0
95,Oracle,-0.8622428052009201,-2.864283280147025,1.139797669745185,0.3986016721803626,0
95,Naive,-1.1854864492718922,-2.961000612895189,0.5900277143514046,0.19065596403873894,0
95,StdRC,-1.4621005371107656,-3.6519022120905227,0.7277011378689915,0.19065596403873905,0
95,GRC,-1.4712744253674612,-3.5616161518860645,0.6190673011511423,0.16773792334231918,0
95,Bayesian,-1.6121186205724498,-3.2456533975,-0.06789505149999966,0.0385,0
96,Oracle,1.2035654545829368,-1.2188667415222167,3.6259976506880904,0.3301598566336422,0
96,Naive,0.1789646952643564,-1.9861335900610801,2.344062980589793,0.8712991487511539,0
96,StdRC,0.2537013814430702,-2.8155544018593774,3.3229571647455174,0.8712991487511539,0
96,GRC,0.12404657674480966,-2.744119770827957,2.992212924317576,0.9324463614927638,0
96,Bayesian,-0.6546025367060452,-2.4306248575000002,1.0208294100000006,0.4775,0
97,Oracle,0.9974096727416019,-1.6217282530598682,3.6165475985430717,0.4554344683838488,0
97,Naive,-0.6441868164060669,-3.218190619359591,1.929816986547457,0.6237707592589768,0
97,StdRC,-1.0460795180210127,-5.225942546885876,3.133783510843851,0.623770759258977,0
97,GRC,-0.747488778294464,-4.8003919097152785,3.3054143531263502,0.7177392406727781,0
97,Bayesian,-1.1936675946458424,-3.218794335,0.66589205075,0.2205,0
98,Oracle,-0.7755435686007112,-3.500695054830744,1.9496079176293213,0.5769940031770457,0
98,Naive,-0.18888979452385227,-2.139686087016421,1.7619064979687165,0.8494835075891336,0
98,StdRC,-0.31482374638315136,-3.5662275545191138,2.936580061752811,0.8494835075891336,0
98,GRC,-0.5856722315187748,-3.2289491715084004,2.0576047084708504,0.6640922204364359,0
98,Bayesian,-0.8127567131989575,-2.5768993375,0.90888857275,0.3555,0
99,Oracle,-1.4308172587726093,-3.4925488970396406,0.6309143794944219,0.17376926325287959,0
99,Naive,-1.2468760356652588,-3.2761856856719085,0.7824336143413906,0.2284861155817266,0
99,StdRC,-1.6477343560037288,-4.3294469991549995,1.0339782871475418,0.22848611558172666,0
99,GRC,-1.6498075271918304,-4.104088234375909,0.8044731799922482,0.1876644611427116,0
99,Bayesian,-1.785157424227025,-3.51466457,-0.055897811999999894,0.043,0
100,Oracle,-1.6434203786809052,-3.6757345671675203,0.38889380980571,0.11298570257530803,0
100,Naive,-1.000346088510026,-2.7524748349737864,0.7517826579537348,0.26313764618780655,0
100,StdRC,-1.4033200769216292,-3.8612668570468953,1.0546267032036367,0.26313764618780655,0
100,GRC,-1.1429933789568396,-3.2724698164760113,0.9864830585623323,0.29279596344387365,0
100,Bayesian,-1.1245949290281623,-2.8360727275,0.4455814735000005,0.171,0
101,Oracle,-1.8980345842695943,-4.197901206558274,0.4018320380190856,0.10576616013589622,0
101,Naive,-1.1112737921580074,-3.032669063487467,0.8101214791714524,0.2569704696981419,0
101,StdRC,-1.6532155538119027,-4.51162953783471,1.2051984302109047,0.2569704696981419,0
101,GRC,-1.442708763043626,-3.9901802320443345,1.1047627059570824,0.2670051355229611,0
101,Bayesian,-0.8510979083485101,-2.4647113975,0.68902638925,0.295,0
102,Oracle,-1.31579759152305,-3.716862267819864,1.085267084773764,0.2827904965824579,0
102,Naive,-0.7380500601664411,-2.8905669982007125,1.4144668778678304,0.5015659054879096,0
102,StdRC,-1.1901834981956265,-4.661343894357948,2.2809768979666947,0.5015659054879096,0
102,GRC,-1.092626168086783,-3.875432343209771,1.6901800070362045,0.44156699235114527,0
102,Bayesian,-1.14450057026424,-2.928184815,0.5880700042500009,0.2045,0
103,Oracle,0.9996942716172251,-1.641458919862179,3.640847463096629,0.4581724244430242,0
103,Naive,2.0902282609395666,-0.15714218935301272,4.337598711232146,0.06831580692447724,0
103,StdRC,3.3695913728709503,-0.2533239911893408,6.992506736931242,0.06831580692447724,0
103,GRC,2.936851182665575,-0.2959346926898676,6.169637058021017,0.07498671965170178,0
103,Bayesian,-0.037750936486572496,-1.9271857925,1.7038221150000004,0.982,0
104,Oracle,-1.9928482652712842,-4.825952970695075,0.8402564401525059,0.16799713699666013,0
104,Naive,-2.0231088204471286,-4.154586689121677,0.10836904822741955,0.06284096105006538,0
104,StdRC,-2.8050327121013696,-5.760318698858534,0.1502532746557952,0.06284096105006536,0
104,GRC,-2.4224596399439875,-5.090646031091,0.245726751203025,0.075164211859092,0
104,Bayesian,-2.29066790867675,-4.0214911475,-0.70099591275,0.005,0
105,Oracle,-0.5473587199110591,-2.87432128481209,1.7796038449899716,0.6447759020215045,0
105,Naive,-0.9656661559452879,-2.6911593500657256,0.7598270381751495,0.2726908344554368,0
105,StdRC,-1.3638703118155875,-3.8008915600098234,1.0731509363786484,0.2726908344554368,0
105,GRC,-1.2568017088378538,-3.488336372073614,0.9747329543979066,0.2696569383933975,0
105,Bayesian,-1.1101749106247247,-2.60383482,0.33874688700000083,0.1225,0
106,Oracle,-0.16095404988526885,-3.0640563765512603,2.742148276780723,0.9134686059324203,0
106,Naive,0.5159313859786389,-1.6714793929084188,2.703342164865697,0.6438770391771937,0
106,StdRC,0.726721133552109,-2.354381671933579,3.807823939037797,0.6438770391771937,0
106,GRC,0.7289741688499861,-2.233437904774796,3.691386242474768,0.6295948196955006,0
106,Bayesian,-0.3687945201112575,-2.2514216725,1.4509948225000002,0.7115,0
107,Oracle,0.17128169787283928,-1.5278110851332887,1.8703744808789673,0.8433740492086689,0
107,Naive,0.18047820587580718,-1.430291063644216,1.7912474753958305,0.8261798617545659,0
107,StdRC,0.22656886959698325,-1.7955599010527172,2.2486976402466836,0.8261798617545657,0
107,GRC,0.23825790764881793,-1.677406767702315,2.153922582999951,0.8074108400932991,0
107,Bayesian,-0.5356583420943251,-1.96148285,0.81484555925,0.453,0
108,Oracle,-1.268280421008884,-3.6984110120315945,1.1618501700138264,0.3063544745598779,0
108,Naive,-1.3634852757619749,-3.22599444782583,0.4990238963018798,0.15133585312016595,0
108,StdRC,-1.857533099019424,-4.394907352952939,0.6798411549140908,0.15133585312016587,0
108,GRC,-1.6105300117143098,-3.9147289476346816,0.6936689242060621,0.17071016689012208,0
108,Bayesian,-1.509720467164375,-3.1056411049999997,-0.050597565449999715,0.044,0
109,Oracle,-1.0403665438368073,-3.7308881143778065,1.650155026704192,0.44852539033480243,0
109,Naive,-0.42883548874711724,-2.4224291902935824,1.564758212799348,0.6733159045429741,0
109,StdRC,-0.5695135687930594,-3.2170991662635644,2.0780720286774454,0.673315904542974,0
109,GRC,-0.5590059697464984,-3.216765585113663,2.0987536456206657,0.6801644192418859,0
109,Bayesian,-0.7898346598220926,-2.5985323575,0.88686180325,0.375,0
110,Oracle,-1.6170103519363346,-3.562320102231234,0.3282993983585647,0.10327249207638095,0
110,Naive,-1.1447436413134708,-2.8693925695269558,0.5799052869000139,0.193280673849536,0
110,StdRC,-1.6205853554444984,-4.062128331074332,0.8209576201853355,0.19328067384953593,0
110,GRC,-1.2963567103311249,-3.491426002780372,0.8987125821181223,0.24706446408342808,0
110,Bayesian,-1.199945561793724,-2.7421482950000002,0.26374221125000114,0.1255,0
111,Oracle,-2.6502233384513905,-5.551669900311245,0.2512232234084637,0.07341220252168737,0
111,Naive,-1.2477810635557764,-3.0945030586642712,0.5989409315527181,0.18540486741650855,0
111,StdRC,-1.7275941609448664,-4.284441855480566,0.8292535335908331,0.1854048674165086,0
111,GRC,-1.6338444845577105,-4.016904289335466,0.7492153202200453,0.17902384950359826,0
111,Bayesian,-1.3463570280005002,-2.982539805,0.17399729175000012,0.0795,0
112,Oracle,-2.4703217376802353,-5.44524894973139,0.5046054743709196,0.10362755328694773,0
112,Naive,-1.153640531379848,-3.3821961935499547,1.074915130790259,0.31029625737677274,0
112,StdRC,-1.6099336872464323,-4.719937832246524,1.5000704577536592,0.3102962573767728,0
112,GRC,-1.5064846050544596,-4.330085186008696,1.3171159758997766,0.2956968735566691,0
112,Bayesian,-1.7906207773180252,-3.6221080299999997,0.009032658667500111,0.0525,0
113,Oracle,-1.2126725926324313,-4.2667739218671885,1.8414287366023256,0.4364331774282998,0
113,Naive,0.32908160006950665,-1.8655237946920302,2.5236869948310434,0.7688365609965414,0
113,StdRC,0.4965201809730661,-2.814712861352343,3.807753223298475,0.7688365609965415,0
113,GRC,0.3510346314212802,-2.7965386321435517,3.4986078949861117,0.8269726125550549,0
113,Bayesian,-0.8020193116005325,-2.7845796949999997,1.1155403000000004,0.4425,0
114,Oracle,-0.6203094001194575,-2.8985548202611002,1.6579360200221855,0.593584189663414,0
114,Naive,-0.38036749977475964,-2.4888756255335798,1.7281406259840606,0.7236606689728018,0
114,StdRC,-0.4880080833304823,-3.1932050566460988,2.217188889985134,0.7236606689728016,0
114,GRC,-0.5984721484423831,-3.1681905882127803,1.9712462913280144,0.648056380937926,0
114,Bayesian,-1.1278312000182424,-2.9966699875000002,0.5771490045000001,0.215,0
115,Oracle,-2.873720303432899,-5.357816902723137,-0.38962370414266045,0.023367087317108723,0
115,Naive,-3.1647953824022066,-5.383212069732203,-0.9463786950722102,0.005172555301697493,0
115,StdRC,-4.898593908338434,-8.332345907326268,-1.464841909350599,0.005172555301697484,0
115,GRC,-4.083365512178591,-6.842095398561627,-1.3246356257955552,0.0037189904062376543,0
115,Bayesian,-2.3860395800355,-4.26751615,-0.7474313207499996,0.0055,0
116,Oracle,-2.895085514085873,-5.96640190445985,0.1762308762881042,0.06467441070567738,0
116,Naive,-3.7785459905601857,-7.076320217131768,-0.4807717639886038,0.02472318208552176,0
116,StdRC,-7.073845124850638,-13.247633718074297,-0.9000565316269791,0.02472318208552176,0
116,GRC,-6.201974910543788,-11.858359994245879,-0.545589826841697,0.031633336095960286,0
116,Bayesian,-2.32268725178365,-4.26867124,-0.5148038097499993,0.01,0
117,Oracle,0.7042537979329084,-1.5110526358074552,2.9195602316732723,0.5332322641141003,0
117,Naive,1.159095449805736,-0.6358223650980179,2.9540132647094897,0.2056289174195528,0
117,StdRC,1.5183016588055298,-0.8328651033836545,3.869468420994714,0.20562891741955314,0
117,GRC,1.4262109420767293,-0.78066367906596,3.6330855632194186,0.20528300378371153,0
117,Bayesian,0.09816321466400374,-1.3306160125000002,1.5311833950000002,0.891,0
118,Oracle,-2.584125471719057,-5.100586312540346,-0.06766463089776753,0.0441498755282335,0
118,Naive,-2.1816678908895337,-4.196458577350636,-0.16687720442843146,0.033812544389505095,0
118,StdRC,-2.961233713917654,-5.695960723537472,-0.2265067042978357,0.03381254438950517,0
118,GRC,-3.010386195381973,-5.676529778051435,-0.3442426127125109,0.02689576386445606,0
118,Bayesian,-2.073551418469925,-3.84162802,-0.44152309399999945,0.012,0
119,Oracle,-2.2567175335622363,-5.368467231035956,0.8550321639114835,0.15519639171877936,0
119,Naive,1.8814978575416645,-1.0555613669658694,4.818557082049199,0.20927381755884272,0
119,StdRC,2.6365038948813115,-1.4791362340045202,6.752144023767143,0.20927381755884242,0
119,GRC,2.63860462857638,-0.9762652103465803,6.253474467499339,0.15253399991964017,0
119,Bayesian,-1.00771993778083,-3.0376890425,0.8824341885000001,0.314,0
120,Oracle,-2.523831150035468,-4.815124468769695,-0.23253783130124095,0.030859788194754493,0
120,Naive,-1.0479632579468998,-3.1218288686965137,1.0259023528027142,0.32197540799580326,0
120,StdRC,-1.6492440671830764,-4.913013601779789,1.6145254674136362,0.32197540799580326,0
120,GRC,-1.57862558067411,-4.541194925476406,1.3839437641281853,0.2963094396783991,0
120,Bayesian,-1.1942768853845624,-2.9206918625,0.5704822542500001,0.175,0
121,Oracle,-1.4977549670547916,-3.956916111099913,0.9614061769903299,0.23258815844903225,0
121,Naive,-0.27364358030407265,-2.318426191270959,1.7711390306628139,0.7930957858361566,0
121,StdRC,-0.3847291027922117,-3.259590550110795,2.4901323445263714,0.7930957858361563,0
121,GRC,-0.3467182278030329,-3.041471866697622,2.3480354110915562,0.8009041543960815,0
121,Bayesian,-0.8226565938785543,-2.63585433,0.9047382245000007,0.348,0
122,Oracle,-1.3874359911848948,-3.657374645691272,0.8825026633214821,0.2309276392024374,0
122,Naive,-1.1325041249669947,-2.977271651754611,0.7122634018206218,0.22888991525248284,0
122,StdRC,-1.609926717201226,-4.232381208028946,1.0125277736264942,0.22888991525248292,0
122,GRC,-1.362738956552124,-3.6894832413986753,0.9640053282944274,0.25100106294744723,0
122,Bayesian,-1.2820156290075633,-3.0467697324999996,0.31868123525000014,0.1225,0
123,Oracle,-1.0723753969889087,-3.3650548305021672,1.2203040365243496,0.3592729077057515,0
123,Naive,0.03520488635496702,-1.949548325075224,2.019958097785158,0.9722669834867438,0
123,StdRC,0.05286235659008991,-2.9273697324462584,3.0330944456264386,0.9722669834867442,0
123,GRC,0.22153395202250736,-2.4471252075152607,2.8901931115602757,0.8707523685799876,0
123,Bayesian,-0.8298083299987882,-2.6021662075,0.7943021760000002,0.3335,0
124,Oracle,-1.7864200196398654,-5.011127376333519,1.4382873370537879,0.2775768657695592,0
124,Naive,-1.520713689382956,-3.8800406190666035,0.8386132403006916,0.2064804190930413,0
124,StdRC,-2.1064856764061246,-5.374614593792552,1.1616432409803035,0.2064804190930409,0
124,GRC,-1.7149422754995949,-4.886950057574262,1.457065506575073,0.2893028462057875,0
124,Bayesian,-1.8265695527822476,-3.6772163125,-0.14042692824999997,0.0355,0
125,Oracle,-0.338967440654618,-3.0139919003238327,2.336057019014597,0.8038573542726588,0
125,Naive,-0.1134624006530721,-2.315687854956381,2.0887630536502364,0.9195657987029184,0
125,StdRC,-0.1673611816642831,-3.415724094857979,3.0810017315294123,0.9195657987029182,0
125,GRC,0.1696716093528717,-2.8800020016628376,3.2193452203685813,0.9131671663891133,0
125,Bayesian,-0.5370319937158949,-2.3163498825,1.2681160275000003,0.539,0
126,Oracle,-1.7691941879832076,-3.8827130839120283,0.3443247079456129,0.1008688991255545,0
126,Naive,-1.5738688664009735,-3.6859028289949265,0.5381650961929798,0.14413961477180484,0
126,StdRC,-2.0859165986427897,-4.885086716002262,0.7132535187166829,0.14413961477180487,0
126,GRC,-2.0915848476846866,-4.756499609909969,0.5733299145405955,0.12397595900194035,0
126,Bayesian,-1.2824460497376824,-2.9876405100000003,0.2741230337500002,0.113,0
127,Oracle,-0.6180479482388499,-3.18292813557425,1.9468322390965502,0.6367241324037127,0
127,Naive,-0.40522388034677903,-2.551655997708133,1.741208237014575,0.711367102855399,0
127,StdRC,-0.6454523632696962,-4.064351766639657,2.773447040100265,0.7113671028553987,0
127,GRC,-0.5636447897518357,-3.57838002778805,2.4510904482843783,0.7140358095799406,0
127,Bayesian,-1.1180617616897774,-3.13333617,0.8117810487500003,0.257,0
128,Oracle,0.3540177419033495,-2.2316233717464433,2.9396588555531427,0.7884283654471544,0
128,Naive,0.10054489619248107,-2.4078853395636726,2.6089751319486343,0.937381939880362,0
128,StdRC,0.1587466327414626,-3.801721461341099,4.1192147268240245,0.9373819398803622,0
128,GRC,0.3649194857598679,-3.3945441907744343,4.12438316229417,0.8491150903527359,0
128,Bayesian,-0.809430812624954,-2.7571381225000002,1.0417428200000007,0.405,0
129,Oracle,-0.4897501355952507,-2.822162952430288,1.8426626812397868,0.6806730161394652,0
129,Naive,-1.1830434898358893,-2.9460600002578765,0.579973020586098,0.18844206288368992,0
129,StdRC,-1.5872717779337069,-3.9526846939138096,0.7781411380463956,0.18844206288368998,0
129,GRC,-1.3617044361877693,-3.4499988420291334,0.7265899696535947,0.20124074751840848,0
129,Bayesian,-1.39215210899495,-2.9683197724999997,-0.011842418824999987,0.0495,0
130,Oracle,2.4279611903842895,-0.06107385612670502,4.916996236895284,0.055892609928527286,0
130,Naive,2.9236265061392217,0.7255231969585378,5.121729815319906,0.009137002804427492,0
130,StdRC,4.034774500015361,1.0012641793029813,7.068284820727741,0.009137002804427492,0
130,GRC,4.219522661947696,1.2518042615663312,7.187241062329061,0.005324932198361098,0
130,Bayesian,0.751353797498335,-0.9989601902499999,2.44713428,0.398,0
131,Oracle,-1.5845087876703825,-4.187856509580311,1.0188389342395465,0.232901519179768,0
131,Naive,-2.243264074787693,-5.233454533805784,0.7469263842303979,0.14145881545781086,0
131,StdRC,-3.223664102885277,-7.520692594476914,1.0733643887063598,0.14145881545781075,0
131,GRC,-3.6724841249442406,-7.977409652546389,0.6324414026579079,0.09451968951789101,0
131,Bayesian,-2.5745303560139745,-4.7201306025,-0.6149420917499996,0.0075,0
132,Oracle,-2.45558756801876,-4.710979348038553,-0.20019578799896687,0.03284796633874237,0
132,Naive,0.018308890249085972,-1.9563929550631627,1.9930107355613347,0.9855014443622286,0
132,StdRC,0.02697773088999723,-2.882700258657927,2.936655720437922,0.9855014443622285,0
132,GRC,0.12406989122098949,-2.6248921413234774,2.8730319237654562,0.9295112667341855,0
132,Bayesian,-1.1409125453244124,-2.95407428,0.4879603892500002,0.1715,0
133,Oracle,-1.9402140490805386,-4.147703747528832,0.26727564936775416,0.0849504004158035,0
133,Naive,-1.3129620868704472,-2.901876624412001,0.2759524506711064,0.10532466670671499,0
133,StdRC,-1.7149803105969488,-3.7904074492435638,0.3604468280496662,0.10532466670671499,0
133,GRC,-1.6873391489063987,-3.61956858432635,0.2448902865135525,0.08697803811448859,0
133,Bayesian,-1.420185029358975,-2.8906181275000002,-0.03719069409999979,0.0465,0
134,Oracle,-2.0590240889955793,-4.444923522706041,0.32687534471488267,0.09075221261928983,0
134,Naive,-2.006509101382088,-4.026307403772492,0.013289201008316098,0.051526527482319465,0
134,StdRC,-2.749159655611157,-5.51652712061735,0.018207809395035746,0.051526527482319465,0
134,GRC,-2.710239424375937,-5.349675487900347,-0.0708033608515275,0.04416300441237094,0
134,Bayesian,-1.32519319668235,-2.9112037125,0.21653577125000023,0.095,0
135,Oracle,-2.544784786869357,-5.22481640042799,0.13524682668927612,0.06273639451127846,0
135,Naive,-1.7353851207826159,-4.002066963474137,0.5312967219089058,0.13346937746439344,0
135,StdRC,-2.699141008851379,-6.224637362576246,0.8263553448734875,0.13346937746439277,0
135,GRC,-2.3210227616466534,-5.352790784189741,0.7107452608964349,0.13348893750024332,0
135,Bayesian,-1.821746444870025,-3.8103652274999997,-0.07885915669999988,0.038,0
136,Oracle,-0.7029343552948157,-3.427838765369529,2.0219700547798976,0.6131337838680905,0
136,Naive,-0.8107992815482656,-2.952850564633514,1.3312520015369824,0.4581621986321447,0
136,StdRC,-1.2168746119544196,-4.431736641572117,1.9979874176632781,0.4581621986321448,0
136,GRC,-1.2571581274067556,-4.2724367807038375,1.7581205258903265,0.41383329372999933,0
136,Bayesian,-1.7473982566383999,-3.6674391825,0.13008941950000127,0.0635,0
137,Oracle,-1.7599296998020921,-4.381574848159755,0.8617154485555709,0.18826190778921328,0
137,Naive,-0.8680156905833375,-2.8877229537802616,1.1516915726135868,0.39959786801776287,0
137,StdRC,-1.3622575507677255,-4.531971531146831,1.8074564296113802,0.399597868017763,0
137,GRC,-1.3810831553687803,-4.139425500908036,1.3772591901704754,0.3264248235166458,0
137,Bayesian,-1.3921499969178777,-3.0353802825,0.1938548680000006,0.0955,0
138,Oracle,-1.1572939016640296,-3.750859745028033,1.4362719416999743,0.38180802464769426,0
138,Naive,-0.33970546781756883,-2.505732702868892,1.8263217672337542,0.7585481654797115,0
138,StdRC,-0.4806804077150793,-3.5455909054924413,2.5842300900622823,0.7585481654797117,0
138,GRC,-0.5016289831395851,-3.3686223599694016,2.3653643936902315,0.7316519874741994,0
138,Bayesian,-1.014652990905155,-2.84420583,0.7308358065000007,0.2775,0
139,Oracle,-2.4373130402133616,-5.431306849334992,0.5566807689082687,0.11059086874621032,0
139,Naive,-1.1763296963152772,-3.5520764751689464,1.1994170825383919,0.33181796274284475,0
139,StdRC,-1.5979013844139074,-4.82506557047362,1.6292628016458053,0.3318179627428449,0
139,GRC,-1.6365664476825152,-4.564638332778015,1.2915054374129853,0.27331132177860223,0
139,Bayesian,-2.2064736710581503,-4.0754267175,-0.40720941274999983,0.0135,0
140,Oracle,-1.9024986807185769,-4.59792294472168,0.7929255832845261,0.16654464178200157,0
140,Naive,-1.815519618296047,-4.1929898001933354,0.5619505636012416,0.13447205413982669,0
140,StdRC,-2.770037649640712,-6.397474031151489,0.8573987318700653,0.13447205413982666,0
140,GRC,-2.632898528524449,-5.960737857579525,0.6949408005306266,0.12098037829812804,0
140,Bayesian,-1.555410308357375,-3.319457225,0.10868202625000037,0.0695,0
141,Oracle,-1.3283273028366391,-3.8894076793176504,1.2327530736443721,0.3093661720192756,0
141,Naive,-1.7160472061444292,-3.9200907371086497,0.4879963248197914,0.1270075716917883,0
141,StdRC,-2.310744338861806,-5.278600405725688,0.657111728002076,0.12700757169178803,0
141,GRC,-1.817825940641076,-4.525585178503525,0.8899332972213732,0.18824071202432527,0
141,Bayesian,-1.905987351604725,-3.72616688,-0.2055723949999999,0.0275,0
142,Oracle,-1.3398256447181995,-3.7487525787546843,1.0691012893182852,0.27566200969894156,0
142,Naive,0.18913884674451664,-1.5347544805824853,1.9130321740715184,0.8297364460989389,0
142,StdRC,0.254318860900606,-2.063653331835462,2.572291053636674,0.8297364460989389,0
142,GRC,0.45884887220063436,-1.7704247301739338,2.6881224745752026,0.6866413523717176,0
142,Bayesian,-0.22902443347427526,-1.8120829075,1.2723979,0.7735,0
143,Oracle,1.8495778468009327,-0.7356322901825207,4.434787983784386,0.16084117689128488,0
143,Naive,1.157232227311997,-1.4062893969427062,3.7207538515667,0.3762793334792808,0
143,StdRC,1.8437000841578983,-2.2404974717270774,5.9278976400428744,0.37627933347928055,0
143,GRC,1.669179580520506,-2.0765803205972495,5.414939481638262,0.38244724912942096,0
143,Bayesian,-0.36555025565650273,-2.489947945,1.6168180775000007,0.741,0
144,Oracle,-3.343657359390382,-6.980228581886854,0.2929138631060897,0.07153040903720309,0
144,Naive,-2.07369370416133,-4.6552090921232665,0.5078216838006058,0.1153925741285165,0
144,StdRC,-2.6512559208784507,-5.951771297589286,0.6492594558323836,0.11539257412851751,0
144,GRC,-2.5359421796851844,-5.546932226177806,0.4750478668074374,0.09879210854770212,0
144,Bayesian,-2.0993382974563746,-4.2108847475,-0.19603775924999953,0.0275,0
145,Oracle,1.3907331224264048,-1.4252680519257093,4.206734296778519,0.3330625139210148,0
145,Naive,0.5525973674755645,-1.638467600082052,2.7436623350331812,0.6210854545855913,0
145,StdRC,0.8143200058768144,-2.4144829929664606,4.04312300472009,0.6210854545855916,0
145,GRC,1.1146833083204017,-1.76790299036874,3.9972696070095433,0.44850524614247533,0
145,Bayesian,-0.6476406636345873,-2.35501779,0.9756922307500006,0.4545,0
146,Oracle,-0.6997921451086627,-2.955367627944085,1.5557833377267594,0.5431352802623048,0
146,Naive,-1.036013664257369,-3.3465119740746996,1.2744846455599619,0.37949011535773447,0
146,StdRC,-1.8117352797130173,-5.852233437248374,2.2287628778223403,0.37949011535773425,0
146,GRC,-1.6207567325928884,-5.139454895605995,1.8979414304202187,0.36664048094409396,0
146,Bayesian,-1.346587154004225,-3.26186045,0.36116333650000026,0.1345,0
147,Oracle,0.4858734220136474,-1.8746480014237688,2.8463948454510635,0.6866352703801895,0
147,Naive,1.1268913128451674,-0.8298258328146453,3.08360845850498,0.2589985856305722,0
147,StdRC,1.5481037366094073,-1.1400003335475841,4.236207806766399,0.2589985856305723,0
147,GRC,1.4821543768784164,-1.1165197493358425,4.080828503092675,0.263624269638483,0
147,Bayesian,-0.1584080746679725,-1.90403399,1.4993944900000007,0.8765,0
148,Oracle,-0.5019940653799436,-2.930003182172564,1.9260150514126768,0.6853120410259883,0
148,Naive,-2.308005004483234,-4.682758849851061,0.06674884088459354,0.056796461100320675,0
148,StdRC,-3.8520538716983133,-7.81551137140498,0.11140362800835435,0.05679646110032073,0
148,GRC,-2.8537916919467454,-6.274268184408265,0.566684800514774,0.10199697199438665,0
148,Bayesian,-1.6210086491747169,-3.5094629425,0.15566557450000007,0.079,0
149,Oracle,-0.12108176311584784,-2.1171699142916633,1.8750063880599679,0.9053621175853752,0
149,Naive,0.6236380241945627,-1.092933459010749,2.3402095073998743,0.47642539443417053,0
149,StdRC,0.9893850477277153,-1.7339097049175642,3.712679800372995,0.47642539443417076,0
149,GRC,0.7973887203713569,-1.6660458319628653,3.2608232727055793,0.5258064892583336,0
149,Bayesian,-0.6815701171824,-2.4854498475,0.9706588820000001,0.4465,0
150,Oracle,0.2099085110828762,-2.4671795395309224,2.8869965616966744,0.8778625764129787,0
150,Naive,0.092670700752495,-1.8161599651973976,2.0015013667023878,0.924193188105934,0
150,StdRC,0.13625886657942626,-2.6704006376909213,2.9429183708497737,0.9241931881059338,0
150,GRC,-0.003273589659782962,-2.722558441356981,2.7160112620374153,0.9981174033289341,0
150,Bayesian,-0.426927571921115,-2.22913565,1.1946427025,0.6115,0
151,Oracle,-0.913625977634357,-4.550746294927772,2.723494339659058,0.6224840222493567,0
151,Naive,0.42948546931997855,-2.104068962093337,2.963039900733294,0.7396997190846828,0
151,StdRC,0.6053832579964146,-2.9658002757066684,4.176566791699497,0.739699719084683,0
151,GRC,1.0400575141199069,-2.379824277951797,4.45993930619161,0.5511311347913224,0
151,Bayesian,-0.7846952843421907,-2.789790655,1.2275310350000004,0.4385,0
152,Oracle,-1.8888326908632322,-3.801085472290195,0.02342009056373029,0.05287265450690677,0
152,Naive,-1.6155996892346542,-3.2647734275462517,0.03357404907694295,0.05484996292906253,0
152,StdRC,-2.1375301805546725,-4.319480735576851,0.04442037446750602,0.05484996292906262,0
152,GRC,-1.9074215290620449,-3.9421500047696263,0.12730694664553632,0.06616048093663411,0
152,Bayesian,-2.016569235279575,-3.5967097825,-0.58234191725,0.005,0
153,Oracle,-1.1029599257265803,-3.314258618324711,1.1083387668715508,0.3282730635095206,0
153,Naive,-1.1929833371307272,-3.2158954810201825,0.829928806758728,0.24773819483128154,0
153,StdRC,-1.6620652752175356,-4.480387983111393,1.1562574326763215,0.24773819483128143,0
153,GRC,-1.2875455208591071,-3.7712982001626516,1.1962071584444374,0.30961977598520046,0
153,Bayesian,-1.3867990358850275,-3.1824686525,0.2185286645000003,0.0945,0
154,Oracle,-0.853230937101563,-2.9002422739186575,1.1937803997155316,0.4139581203171375,0
154,Naive,-0.7463363735691732,-2.422575994752111,0.9299032476137646,0.3828467528779145,0
154,StdRC,-1.006165104233418,-3.265968957959699,1.253638749492863,0.38284675287791436,0
154,GRC,-0.8966410487924507,-3.0137611025363107,1.2204790049514092,0.4064921792020243,0
154,Bayesian,-0.9115699800853249,-2.4786420099999997,0.59669890475,0.231,0
155,Oracle,-0.21990417756505656,-2.3834367406482144,1.9436283855181014,0.842095965986809,0
155,Naive,-0.1027658205656947,-1.8835600406032924,1.678028399471903,0.9099470541767725,0
155,StdRC,-0.13981754202120505,-2.562668537815642,2.283033453773232,0.9099470541767725,0
155,GRC,0.039170459872626656,-2.1784615451191747,2.256802464864428,0.9723833752164105,0
155,Bayesian,-0.22420820960451499,-1.77678046,1.3240099025000016,0.7885,0
156,Oracle,-1.3490159104759687,-3.8149382951269795,1.1169064741750419,0.2836191715839281,0
156,Naive,-0.8849056464967576,-2.759413754362516,0.9896024613690008,0.3548373869778123,0
156,StdRC,-1.2110024315962564,-3.77628595720053,1.3542810940080174,0.35483738697781275,0
156,GRC,-1.2377578543876273,-3.7132306203799024,1.2377149116046475,0.32708661606694045,0
156,Bayesian,-1.2956320773498142,-3.0140566074999997,0.3306075040000004,0.122,0
157,Oracle,-2.1798750574499137,-4.771666698228938,0.41191658332911096,0.09925738241224871,0
157,Naive,-0.8267148805432895,-3.084769267379393,1.4313395062928143,0.47301718774531465,0
157,StdRC,-1.1423484515324223,-4.262511149684252,1.977814246619407,0.47301718774531476,0
157,GRC,-0.9986795063573578,-3.793361921127467,1.7960029084127513,0.4836819369926191,0
157,Bayesian,-1.495445539377455,-3.263168105,0.11009662800000014,0.076,0
158,Oracle,-2.521250705748711,-5.23741432942513,0.19491291792770893,0.06886319781227972,0
158,Naive,-0.9832392269101661,-3.061300141560407,1.0948216877400752,0.353738926449215,0
158,StdRC,-1.2551573231736348,-3.9079129330375,1.3975982866902308,0.35373892644921523,0
158,GRC,-1.2937152464050974,-3.7868699517473314,1.1994394589371367,0.30913493015017224,0
158,Bayesian,-1.2520985492655925,-2.89844721,0.396665133000001,0.1395,0
159,Oracle,-0.3482992153333903,-2.7032068835314456,2.0066084528646653,0.7719037273434319,0
159,Naive,-0.1590741442215981,-2.1842500231228588,1.8661017346796624,0.877647693047609,0
159,StdRC,-0.2202093703792026,-3.0236989467791586,2.5832802060207536,0.8776476930476087,0
159,GRC,-0.28390170447304086,-2.857871560050364,2.290068151104282,0.8288485592926089,0
159,Bayesian,-0.8870524378415975,-2.5520587674999997,0.7156396390000013,0.278,0
160,Oracle,-1.5655966685230303,-3.8446814193245213,0.713488082278461,0.17818014497431042,0
160,Naive,-2.3482094396017636,-4.764705306699685,0.0682864274961581,0.05683489131040008,0
160,StdRC,-3.62697294545058,-7.3594190317944355,0.10547314089327564,0.05683489131040015,0
160,GRC,-3.274307952482359,-6.7028051949638545,0.15418928999913595,0.06123167371141044,0
160,Bayesian,-1.7970866250597501,-3.6931308974999997,0.061298657400000366,0.06,0
161,Oracle,-1.445923982199379,-3.607938794564527,0.7160908301657691,0.18992691917367494,0
161,Naive,-1.3529262164085747,-3.0635231201171136,0.357670687299964,0.12110483466216586,0
161,StdRC,-1.8951716433886836,-4.291366429075269,0.5010231422979015,0.12110483466216508,0
161,GRC,-1.6517066005688348,-3.765972764983747,0.4625595638460773,0.12572919135724342,0
161,Bayesian,-1.58668007746075,-3.17645866,-0.019962364749999722,0.047,0
162,Oracle,0.45333951041416387,-1.9284704299865667,2.8351494508148947,0.7091128199282961,0
162,Naive,-0.05498638864713872,-2.0154436330422185,1.9054708557479412,0.956160329593448,0
162,StdRC,-0.09646672540496447,-3.535843184129255,3.342909733319326,0.956160329593448,0
162,GRC,-0.14017024951083404,-3.57048840543387,3.290147906412202,0.9361669605928055,0
162,Bayesian,-1.1173957019125023,-2.9929343399999997,0.652344691,0.2255,0
163,Oracle,-0.9457378878867532,-2.990862678036658,1.0993869022631513,0.36474717573973847,0
163,Naive,-0.925830045959276,-2.7763745081041034,0.9247144161855515,0.3268034580966873,0
163,StdRC,-1.63584198095122,-4.905554745194841,1.633870783292402,0.32680345809668726,0
163,GRC,-1.2128849382558031,-4.056604483299418,1.6308346067878126,0.4031823510613848,0
163,Bayesian,-1.5422239381765426,-3.2541051925,0.1031596645,0.063,0
164,Oracle,-1.8912260985480118,-4.134290664360594,0.35183846726457024,0.09842623205958526,0
164,Naive,-3.276800891387107,-5.644194177371869,-0.9094076054023446,0.0066704841169216095,0
164,StdRC,-6.093548727963934,-10.49596035581728,-1.6911371001105877,0.006670484116921638,0
164,GRC,-5.014023247629119,-8.725588574400682,-1.302457920857556,0.008102891322398628,0
164,Bayesian,-1.9919887172274102,-3.7293279674999997,-0.36715957275,0.0145,0
165,Oracle,-0.6943775864092673,-3.3296459797351416,1.9408908069166073,0.6055479157560988,0
165,Naive,0.9884072668188946,-0.9265089915565112,2.9033235251943004,0.3117010309847592,0
165,StdRC,1.3906849715485423,-1.3035943520620856,4.08496429515917,0.31170103098475904,0
165,GRC,1.253698661068254,-1.2925431562915364,3.799940478428044,0.33452890416738773,0
165,Bayesian,0.09484352566984751,-1.6466350174999997,1.846897935,0.9075,0
166,Oracle,-1.5036663538000088,-3.588252872568013,0.5809201649679956,0.1574285971131892,0
166,Naive,-0.5873219965792827,-2.4668878748173,1.2922438816587345,0.5402436453428061,0
166,StdRC,-0.8474822597203691,-3.5596209963246745,1.8646564768839364,0.5402436453428059,0
166,GRC,-1.1121603993217364,-3.622955344446393,1.3986345458029201,0.38530182412108793,0
166,Bayesian,-0.7036011278931,-2.2778644475,0.81227094025,0.377,0
167,Oracle,0.11453561684104138,-1.9598684137978872,2.18893964747997,0.9138235972009032,0
167,Naive,0.14505728998869713,-1.5715615288194988,1.861676108796893,0.8684557065051404,0
167,StdRC,0.17417829026772833,-1.8870606238517718,2.2354172043872285,0.8684557065051408,0
167,GRC,0.175049254541749,-1.8036357217519856,2.1537342308354837,0.8623424831369362,0
167,Bayesian,-0.44189821045297256,-1.88033514,0.93783543125,0.5605,0
168,Oracle,0.9484533171005192,-1.5021844135990088,3.399091047800047,0.44812103730060515,0
168,Naive,0.6015562526226028,-1.2230629074609038,2.4261754127061095,0.5181641457334332,0
168,StdRC,0.8314166844272219,-1.6904070117030536,3.3532403805574975,0.5181641457334327,0
168,GRC,0.7403248075559735,-1.6446402780240912,3.125289893136038,0.5429229895021099,0
168,Bayesian,0.002920372711294999,-1.7957106649999999,1.6511221775000007,0.981,0
169,Oracle,0.029327733397477195,-2.829894833390548,2.8885503001855026,0.9839605513405394,0
169,Naive,-0.7681608229822319,-3.3342289271935837,1.7979072812291197,0.5573907080541449,0
169,StdRC,-1.200511999273716,-5.210864334217693,2.809840335670261,0.5573907080541444,0
169,GRC,-0.8148405206133125,-4.444994100493582,2.8153130592669564,0.6599789065450097,0
169,Bayesian,-1.02334460078285,-2.9597012525,0.9072475860000001,0.285,0
170,Oracle,-2.786572010192154,-5.303911097117577,-0.26923292326673076,0.030038309049236066,0
170,Naive,-2.390389572472954,-4.664117781318408,-0.11666136362749979,0.039348224950659066,0
170,StdRC,-3.53000854128154,-6.887737377704516,-0.1722797048585636,0.039348224950658935,0
170,GRC,-3.123470933380118,-6.197971059366468,-0.04897080739376758,0.0464608381848867,0
170,Bayesian,-2.42303993668975,-4.073139275,-0.8528130142499999,0.001,0
171,Oracle,-0.9091519100548214,-3.6321349690189053,1.8138311489092627,0.5128577093842696,0
171,Naive,-0.06647904029465493,-2.0811112850220184,1.9481532044327086,0.9484326954184764,0
171,StdRC,-0.09204268775680209,-2.8813754733135193,2.6972900977999155,0.9484326954184767,0
171,GRC,-0.04882725049704957,-2.6820464887849678,2.5843919877908688,0.9710086922423343,0
171,Bayesian,-0.9264857661006749,-2.6800578725,0.7924067445000005,0.286,0
172,Oracle,-0.7543826452770724,-2.8971678789794244,1.3884025884252797,0.49018215358413264,0
172,Naive,0.48415079557647506,-1.2294980125663177,2.1977996037192677,0.5797559047589753,0
172,StdRC,0.6506106151353876,-1.6522217159863255,2.953442946257101,0.5797559047589753,0
172,GRC,0.6456120358426284,-1.630296277847593,2.9215203495328494,0.5782194706823325,0
172,Bayesian,-0.32963232055666497,-1.8835038175,1.15616565,0.6805,0
173,Oracle,-1.1485844513811903,-3.4505126997368096,1.1533437969744291,0.3280961688941441,0
173,Naive,-0.06206290273619416,-2.039313080273681,1.9151872748012928,0.9509448358632148,0
173,StdRC,-0.08202969245549988,-2.6953980142757876,2.5313386293647877,0.9509448358632151,0
173,GRC,0.026769774945521227,-2.476868705317,2.5304082552080427,0.9832802620396254,0
173,Bayesian,-0.75061036012039,-2.397629105,0.7908363632500001,0.3385,0
174,Oracle,-1.06569030505908,-3.2803416106365084,1.1489610005183482,0.34561198066087384,0
174,Naive,-1.4634336622414768,-3.256836884482464,0.3299695599995107,0.10974312440299128,0
174,StdRC,-1.9158362425229911,-4.263648090286718,0.43197560524073575,0.10974312440299115,0
174,GRC,-1.574990508388674,-3.8124521831432885,0.6624711663659406,0.16769296526346816,0
174,Bayesian,-1.5248071727645751,-3.0028655724999997,-0.11780878049999972,0.0305,0
175,Oracle,-0.34685991728232757,-2.7574806378061125,2.063760803241457,0.7779314541656955,0
175,Naive,-0.3305751204864189,-2.486151767935487,1.8250015269626492,0.763737578705988,0
175,StdRC,-0.5644702433018719,-4.245203605362003,3.1162631187582597,0.7637375787059882,0
175,GRC,-0.3859503099266109,-3.442957282149457,2.6710566622962353,0.8045619236204415,0
175,Bayesian,-0.7743517246763425,-2.578943335,0.9679527015000006,0.389,0
176,Oracle,-0.5430508877316015,-3.1388795962376568,2.0527778207744536,0.6817860499238292,0
176,Naive,-0.4487006542056827,-2.586183382275919,1.6887820738645538,0.6807529370243666,0
176,StdRC,-0.6993097540382205,-4.030623196123254,2.6320036880468125,0.6807529370243661,0
176,GRC,-0.4516110788933133,-3.3725123342674426,2.4692901764808157,0.7618615873649812,0
176,Bayesian,-1.3856523272540051,-3.1410303875,0.31250129325000003,0.112,0
177,Oracle,0.027177394566487753,-1.9353016393734401,1.9896564285064156,0.9783460253733393,0
177,Naive,-0.414342465984427,-2.2059458640537417,1.3772609320848876,0.6503478066970286,0
177,StdRC,-0.592546959276696,-3.154700812451067,1.9696068938976752,0.6503478066970292,0
177,GRC,-0.3821513494715255,-2.7767246512271146,2.012421952284064,0.7544388493763293,0
177,Bayesian,-0.8092050849804275,-2.47029782,0.7243874687500016,0.304,0
178,Oracle,0.6245459380631468,-1.4760555768000951,2.7251474529263886,0.5600737843855332,0
178,Naive,0.5233953397472539,-1.0952148253397853,2.142005504834293,0.5262271230515242,0
178,StdRC,0.7153703263222322,-1.496926180838008,2.9276668334824727,0.5262271230515242,0
178,GRC,0.6327513701130812,-1.4419640645653713,2.707466804791534,0.5500039445161651,0
178,Bayesian,-0.17527742115326,-1.7524008100000001,1.3023177225000002,0.8375,0
179,Oracle,2.4232153988546337,-0.8714142753555842,5.717845073064852,0.149425806488741,0
179,Naive,-0.25363241759099464,-2.422008218689128,1.9147433835071386,0.8186709384991661,0
179,StdRC,-0.38286999911488756,-3.656134706097133,2.8903947078673577,0.8186709384991661,0
179,GRC,-0.24091572014135898,-3.234282184676691,2.7524507443939736,0.8746583866369593,0
179,Bayesian,-0.94686164472335,-2.876898205,0.8861010242500004,0.326,0
180,Oracle,0.4073587823296272,-2.4204413775650946,3.235158942224349,0.7776807985018745,0
180,Naive,0.4871816783946177,-1.8578989668499937,2.8322623236392293,0.6838793578454755,0
180,StdRC,0.7636942439455525,-2.912397591574548,4.439786079465653,0.6838793578454757,0
180,GRC,0.4316633350665081,-2.8996565589694816,3.762983229102498,0.7995212217341121,0
180,Bayesian,-0.6465484019348149,-2.6732571825,1.2916407825,0.531,0
181,Oracle,-1.0612464509426935,-3.4841771802907866,1.3616842784053995,0.3906349301929447,0
181,Naive,-0.6245535396440554,-2.563242867042507,1.3141357877543962,0.5277742945575249,0
181,StdRC,-0.8881647625789839,-3.645135041163244,1.8688055160052761,0.5277742945575252,0
181,GRC,-1.101675551127725,-3.7301690372772693,1.5268179350218194,0.41137517011362335,0
181,Bayesian,-1.2332423603376201,-2.9957448825,0.42322404250000056,0.1425,0
182,Oracle,0.6420430562799228,-1.7098176185844718,2.993903731144317,0.5926099284120452,0
182,Naive,1.271584120491529,-0.6594332874578093,3.2026015284408675,0.1968266036853545,0
182,StdRC,1.8929403459431808,-0.9816636234843179,4.76754431537068,0.19682660368535437,0
182,GRC,1.738607807526174,-0.8042701438717836,4.2814857589241315,0.18022588277165374,0
182,Bayesian,0.4367141671557175,-1.2326566774999999,2.120294685,0.5955,0
183,Oracle,-0.1970277175330631,-2.506435717371936,2.1123802823058098,0.8672010282380229,0
183,Naive,0.2827185711452215,-1.6161871779051769,2.18162432019562,0.7704324906527614,0
183,StdRC,0.3956350490340149,-2.261684794134787,3.052954892202817,0.7704324906527615,0
183,GRC,0.283941242372782,-2.1329690282930294,2.700851513038593,0.8178907536332765,0
183,Bayesian,-0.5852576407002326,-2.1840651825,0.9371826362500005,0.4695,0
184,Oracle,-2.4995412109371,-4.661981618730352,-0.3371008031438478,0.02348195711996137,0
184,Naive,-2.5214464416528752,-4.560937147900749,-0.48195573540500236,0.015387562443151126,0
184,StdRC,-3.5168060767642433,-6.361400826329877,-0.6722113271986094,0.015387562443151159,0
184,GRC,-3.2283104564556253,-5.746432828491857,-0.7101880844193942,0.011979955528354153,0
184,Bayesian,-1.8007362347367497,-3.4942097875,-0.25051048724999997,0.02,0
185,Oracle,0.09601797915029403,-2.2403881874697227,2.4324241457703106,0.935801783549803,0
185,Naive,0.3171056173753891,-1.5488977218564526,2.183108956607231,0.7390790749262348,0
185,StdRC,0.4384498960219844,-2.1416020653229717,3.0185018573669407,0.7390790749262346,0
185,GRC,0.11753921932972755,-2.2590084863201145,2.4940869249795696,0.9227773504534473,0
185,Bayesian,-0.45789355463093,-2.262741295,1.1702234950000001,0.614,0
186,Oracle,-0.7674366010061305,-2.913822978635284,1.3789497766230228,0.4834393172844923,0
186,Naive,-0.6310513433042573,-2.5162866457519666,1.254183959143452,0.5117819593636659,0
186,StdRC,-0.8707869886220826,-3.4722209119961684,1.730646934752003,0.5117819593636657,0
186,GRC,-0.8001761736683607,-3.2816861134441475,1.6813337661074264,0.5273862979802407,0
186,Bayesian,-0.9305114731150975,-2.6028668675,0.6697886515000001,0.263,0
187,Oracle,-3.446161475414649,-6.200228253231784,-0.692094697597514,0.014186686338437508,0
187,Naive,-2.131894718946125,-4.511808869278566,0.2480194313863162,0.07913809671925386,0
187,StdRC,-3.0204387550435983,-6.3922679872555195,0.35139047716832295,0.07913809671925386,0
187,GRC,-2.937578724955715,-6.065164426165784,0.19000697625435414,0.065637339847095,0
187,Bayesian,-1.648788311320295,-3.5578615575,0.12475760675000007,0.0675,0
188,Oracle,-2.949563184621052,-5.611761152734606,-0.28736521650749847,0.0298912777696997,0
188,Naive,-1.5906427209270808,-3.5867909782401233,0.40550553638596143,0.11833297541775359,0
188,StdRC,-2.026907318663518,-4.570537927004706,0.5167232896776697,0.1183329754177537,0
188,GRC,-1.9541900320755798,-4.304131196238968,0.3957511320878082,0.10312506436892388,0
188,Bayesian,-1.485450768465333,-3.1911457075,0.039052451700000546,0.058,0
189,Oracle,-1.6451994128060026,-3.803002195381801,0.512603369769796,0.13508186163652994,0
189,Naive,-0.8509646694096952,-2.6214446908629125,0.9195153520435221,0.34617299837336546,0
189,StdRC,-1.2484795166431564,-3.8460116127096278,1.349052579423315,0.34617299837336546,0
189,GRC,-1.1486065075857717,-3.548931874905826,1.2517188597342828,0.3483038915405714,0
189,Bayesian,-1.1708610236885926,-2.8661246,0.4396775642500001,0.16,0
190,Oracle,-2.0094093075446327,-4.4582820434717,0.43946342838243435,0.10778309205336149,0
190,Naive,-1.2956778124205883,-3.298921863821719,0.7075662389805426,0.20491056834236965,0
190,StdRC,-1.9323240240844208,-4.919885105642925,1.055237057474084,0.20491056834236945,0
190,GRC,-1.8740217803371655,-4.688998650305869,0.9409550896315384,0.191956920840912,0
190,Bayesian,-0.8655225648058151,-2.5634382775,0.8254611487500002,0.33,0
191,Oracle,-2.7773276676179606,-5.536576800787008,-0.01807853444891272,0.048517712432616586,0
191,Naive,-0.29363097407484523,-2.3626336289922096,1.7753716808425193,0.7808923751133623,0
191,StdRC,-0.44280231608109455,-3.562906284887251,2.677301652725062,0.7808923751133622,0
191,GRC,-0.43949090237241095,-3.296786135923125,2.417804331178303,0.7630567778446669,0
191,Bayesian,-0.806475990048649,-2.465395395,0.8054821795000002,0.3355,0
192,Oracle,0.5146817343236838,-2.1872394460043587,3.216602914651726,0.7088892372964097,0
192,Naive,0.8794261527504607,-1.7597227533068112,3.5185750588077327,0.5136880418924481,0
192,StdRC,1.4295693728641998,-2.8605537201638134,5.719692465892213,0.513688041892448,0
192,GRC,1.056855775325554,-2.9171838408292694,5.030895391480378,0.602204702162433,0
192,Bayesian,-1.0669831720535523,-2.9909741425000003,0.8177500492500002,0.2665,0
193,Oracle,-1.3722491666734922,-3.521277468650297,0.7767791353033122,0.21074362640015254,0
193,Naive,-0.8573677604178266,-2.6450795546729746,0.9303440338373213,0.3472287953221391,0
193,StdRC,-1.1303847559142801,-3.4873688337963022,1.2265993219677422,0.34722879532213935,0
193,GRC,-1.039105430230977,-3.2621112502458027,1.183900389783849,0.3595876510618491,0
193,Bayesian,-0.7373662871198551,-2.3365845975,0.7094059475000004,0.3475,0
194,Oracle,1.563657412732235,-1.4516216016384698,4.578936427102939,0.3094416888710734,0
194,Naive,1.5737634978790056,-0.8714794221919124,4.019006417949924,0.20715146199468185,0
194,StdRC,2.610731876788045,-1.4457058576765736,6.667169611252664,0.20715146199468185,0
194,GRC,1.9337472258281272,-1.6001815398514094,5.467675991507663,0.28350360374700895,0
194,Bayesian,0.0649184891341275,-1.8558440324999999,1.9042033975000006,0.9335,0
195,Oracle,-0.8429706577680278,-3.2567614333627923,1.5708201178267367,0.49367195243128326,0
195,Naive,-0.5570345032458361,-2.4794468449563274,1.3653778384646553,0.5700924178425542,0
195,StdRC,-0.6943367345314861,-3.0906003411634115,1.7019268721004392,0.5700924178425542,0
195,GRC,-0.5888813241623071,-2.818525217321207,1.640762568996593,0.6046990388888974,0
195,Bayesian,-1.0940025700305176,-2.7632202025,0.4713130245000002,0.1795,0
196,Oracle,0.31072980299299563,-2.3563247332054047,2.9777843391913956,0.8193749380682643,0
196,Naive,0.5069961367889296,-1.469392813643697,2.4833850872215564,0.6151170596158156,0
196,StdRC,0.6873385686747524,-1.9920671580408753,3.3667442953903803,0.6151170596158156,0
196,GRC,0.4567217222312517,-2.1279848240752366,3.04142826853774,0.7290956822577094,0
196,Bayesian,-0.33355664449279,-2.2087785775,1.4629271150000003,0.742,0
197,Oracle,0.13872171326727104,-2.8727069222475174,3.1501503487820592,0.9280600200102861,0
197,Naive,-0.27963561536308157,-2.635248341216963,2.0759771104907996,0.8160192086612803,0
197,StdRC,-0.5133596890214986,-4.837832502791294,3.811113124748296,0.8160192086612803,0
197,GRC,-0.15253924816770262,-3.6870946432246585,3.382016146889253,0.9325910851417892,0
197,Bayesian,-0.6962771247063099,-2.7199300625,1.22564939,0.4845,0
198,Oracle,-1.9107954191919831,-4.663851386654811,0.8422605482708447,0.17372258010306024,0
198,Naive,-2.9220898283394954,-5.278230497592915,-0.5659491590860757,0.015067573769055861,0
198,StdRC,-4.292198412944332,-7.753085598260585,-0.8313112276280799,0.015067573769055896,0
198,GRC,-3.284768773192631,-6.189709332584856,-0.3798282138004052,0.026675469692881426,0
198,Bayesian,-2.417620390333,-4.2280979375,-0.8166540674999994,0.0035,0
199,Oracle,-1.4669250997929277,-4.368123435985926,1.4342732364000705,0.3216800576802245,0
199,Naive,-0.40785255029093903,-2.8691099054072033,2.053404804825325,0.7453447698333971,0
199,StdRC,-0.6165135761990278,-4.33697228821753,3.1039451358194747,0.7453447698333971,0
199,GRC,-0.8826772754594752,-4.538655224915636,2.773300673996686,0.6360691505930361,0
199,Bayesian,-1.1837353517060625,-3.062936845,0.5292450570000004,0.189,0
